code_commune,nom_commune,epci_siren,epci_nom,epci_type,population,taux_chomage,revenu_median,total_etablissements,nb_actifs,nb_fermes,taux_mortalite,densite_commerciale
59001,ABANCOURT,200068500,CA de Cambrai,CA,441.0,6.22,,8,3,5,62.5,6.802721088435374
59002,ABSCON,200042190,CA de la Porte du Hainaut,CA,4108.0,19.24,9090.0,95,35,60,63.1578947368421,8.519961051606622
59003,AIBES,200043396,CA Maubeuge Val de Sambre,CA,350.0,11.69,,2,0,2,100.0,0.0
59004,AIX-EN-PEVELE,200041960,CC Pévèle-Carembault,CC,1338.0,4.01,,27,11,16,59.25925925925925,8.221225710014947
59005,ALLENNES-LES-MARAIS,200093201,Métropole Européenne de Lille,METRO,3545.0,8.2,9350.0,80,31,49,61.25000000000001,8.744710860366714
59006,AMFROIPRET,200043321,CC du Pays de Mormal,CC,619.0,4.88,,6,1,5,83.33333333333334,1.6155088852988693
59007,ANHIERS,200044618,CA Douaisis Agglo,CA,888.0,13.34,,12,3,9,75.0,3.3783783783783785
59008,ANICHE,245901152,CA Coeur d'Ostrevent,CA,9963.0,21.72,7340.0,350,155,195,55.714285714285715,15.557562983037238
59009,VILLENEUVE-D'ASCQ,200093201,Métropole Européenne de Lille,METRO,62868.0,16.22,7340.0,2816,1115,1701,60.40482954545454,17.73557294649106
59010,ANNEUX,200068500,CA de Cambrai,CA,258.0,11.11,,11,7,4,36.36363636363637,27.131782945736433
59011,ANNŒULLIN,200093201,Métropole Européenne de Lille,METRO,10847.0,11.42,8550.0,292,120,172,58.9041095890411,11.062966718908454
59012,ANOR,200043404,CC du Sud Avesnois,CC,3099.0,18.21,7460.0,120,53,67,55.833333333333336,17.102291061632783
59013,ANSTAING,200093201,Métropole Européenne de Lille,METRO,1631.0,6.55,,37,14,23,62.16216216216216,8.583690987124463
59014,ANZIN,245901160,CA Valenciennes Métropole,CA,13183.0,26.26,6980.0,567,199,368,64.90299823633157,15.095198361526208
59015,ARLEUX,200044618,CA Douaisis Agglo,CA,3125.0,13.5,9610.0,98,40,58,59.183673469387756,12.8
59016,ARMBOUTS-CAPPEL,245900428,CU de Dunkerque,CU,2077.0,8.89,,33,19,14,42.42424242424242,9.1478093403948
59017,ARMENTIERES,200093201,Métropole Européenne de Lille,METRO,26998.0,17.61,7450.0,1161,466,695,59.86218776916451,17.260537817616118
59018,ARNEKE,200040947,CA Coeur de Flandre,CA,1594.0,12.01,,47,20,27,57.446808510638306,12.547051442910915
59019,ARTRES,245901160,CA Valenciennes Métropole,CA,1082.0,8.35,,19,10,9,47.368421052631575,9.242144177449168
59021,ASSEVENT,200043396,CA Maubeuge Val de Sambre,CA,1769.0,13.94,,31,15,16,51.61290322580645,8.47936687394008
59022,ATTICHES,200041960,CC Pévèle-Carembault,CC,2245.0,8.46,8780.0,52,26,26,50.0,11.58129175946548
59023,AUBENCHEUL-AU-BAC,200068500,CA de Cambrai,CA,549.0,11.55,,22,6,16,72.72727272727273,10.92896174863388
59024,AUBERCHICOURT,245901152,CA Coeur d'Ostrevent,CA,4626.0,17.07,8410.0,109,40,69,63.30275229357798,8.646779074794638
59025,AUBERS,200093201,Métropole Européenne de Lille,METRO,1749.0,6.8,,42,21,21,50.0,12.006861063464836
59026,AUBIGNY-AU-BAC,200044618,CA Douaisis Agglo,CA,1143.0,13.11,,38,15,23,60.526315789473685,13.123359580052494
59027,AUBRY-DU-HAINAUT,245901160,CA Valenciennes Métropole,CA,1705.0,8.91,,28,14,14,50.0,8.211143695014663
59028,AUBY,200044618,CA Douaisis Agglo,CA,7083.0,23.36,8110.0,218,77,141,64.6788990825688,10.871099816461951
59029,AUCHY-LEZ-ORCHIES,200041960,CC Pévèle-Carembault,CC,1599.0,8.72,,37,13,24,64.86486486486487,8.130081300813009
59031,AUDIGNIES,200043321,CC du Pays de Mormal,CC,359.0,3.53,,9,3,6,66.66666666666666,8.356545961002785
59032,AULNOY-LEZ-VALENCIENNES,245901160,CA Valenciennes Métropole,CA,7080.0,18.39,7990.0,205,101,104,50.73170731707317,14.26553672316384
59033,AULNOYE-AYMERIES,200043396,CA Maubeuge Val de Sambre,CA,8612.0,24.2,8130.0,282,140,142,50.35460992907801,16.25638643752903
59034,AVELIN,200041960,CC Pévèle-Carembault,CC,2561.0,5.5,,103,53,50,48.54368932038835,20.695040999609528
59035,AVESNELLES,200043263,CC Coeur de l'Avesnois,CC,2232.0,17.0,8380.0,68,23,45,66.17647058823529,10.304659498207885
59036,AVESNES-SUR-HELPE,200043263,CC Coeur de l'Avesnois,CC,4012.0,38.37,5260.0,260,87,173,66.53846153846153,21.684945164506484
59037,AVESNES-LES-AUBERT,200030633,CA du Caudrésis et du Catésis,CA,3562.0,15.73,8160.0,119,64,55,46.21848739495798,17.967434025828187
59038,AVESNES-LE-SEC,200042190,CA de la Porte du Hainaut,CA,1458.0,9.82,,32,11,21,65.625,7.544581618655693
59039,AWOINGT,200068500,CA de Cambrai,CA,757.0,6.24,,13,5,8,61.53846153846154,6.605019815059445
59041,BACHANT,200043396,CA Maubeuge Val de Sambre,CA,2230.0,17.73,9010.0,57,30,27,47.368421052631575,13.452914798206278
59042,BACHY,200041960,CC Pévèle-Carembault,CC,1898.0,6.8,,28,15,13,46.42857142857143,7.903055848261328
59043,BAILLEUL,200040947,CA Coeur de Flandre,CA,14732.0,10.61,9160.0,534,236,298,55.80524344569289,16.01954928047787
59044,BAISIEUX,200093201,Métropole Européenne de Lille,METRO,5545.0,6.03,10580.0,142,61,81,57.04225352112676,11.000901713255185
59045,BAIVES,200043404,CC du Sud Avesnois,CC,158.0,9.33,,5,2,3,60.0,12.658227848101266
59046,BAMBECQUE,200040954,CC des Hauts de Flandre,CC,845.0,9.53,,10,2,8,80.0,2.366863905325444
59047,BANTEUX,200068500,CA de Cambrai,CA,339.0,15.0,,5,3,2,40.0,8.849557522123893
59048,BANTIGNY,200068500,CA de Cambrai,CA,494.0,13.44,,6,3,3,50.0,6.0728744939271255
59049,BANTOUZELLE,200068500,CA de Cambrai,CA,441.0,12.73,,9,2,7,77.77777777777779,4.535147392290249
59050,BAS-LIEU,200043263,CC Coeur de l'Avesnois,CC,348.0,17.06,,9,0,9,100.0,0.0
59051,LA BASSEE,200093201,Métropole Européenne de Lille,METRO,6650.0,12.34,8160.0,297,116,181,60.94276094276094,17.44360902255639
59052,BAUVIN,200093201,Métropole Européenne de Lille,METRO,5249.0,12.41,8970.0,117,52,65,55.55555555555556,9.906648885502001
59053,BAVAY,200043321,CC du Pays de Mormal,CC,3249.0,18.51,8430.0,124,53,71,57.25806451612904,16.312711603570328
59054,BAVINCHOVE,200040947,CA Coeur de Flandre,CA,1045.0,11.13,,18,6,12,66.66666666666666,5.741626794258374
59055,BAZUEL,200030633,CA du Caudrésis et du Catésis,CA,551.0,16.17,,14,4,10,71.42857142857143,7.259528130671506
59056,BEAUCAMPS-LIGNY,200093201,Métropole Européenne de Lille,METRO,845.0,5.77,,41,19,22,53.65853658536586,22.485207100591715
59057,BEAUDIGNIES,200043321,CC du Pays de Mormal,CC,574.0,10.13,,14,6,8,57.14285714285714,10.452961672473869
59058,BEAUFORT,200043396,CA Maubeuge Val de Sambre,CA,995.0,10.18,,28,14,14,50.0,14.07035175879397
59059,BEAUMONT-EN-CAMBRESIS,200030633,CA du Caudrésis et du Catésis,CA,458.0,15.27,,17,4,13,76.47058823529412,8.73362445414847
59060,BEAURAIN,245901038,CC du Pays Solesmois,CC,234.0,11.71,,7,4,3,42.857142857142854,17.094017094017094
59061,BEAUREPAIRE-SUR-SAMBRE,200043263,CC Coeur de l'Avesnois,CC,272.0,14.02,,8,4,4,50.0,14.705882352941176
59062,BEAURIEUX,200043263,CC Coeur de l'Avesnois,CC,169.0,8.82,,6,2,4,66.66666666666666,11.834319526627219
59063,BEAUVOIS-EN-CAMBRESIS,200030633,CA du Caudrésis et du Catésis,CA,1933.0,22.67,,113,50,63,55.75221238938053,25.86652871184687
59064,BELLAING,200042190,CA de la Porte du Hainaut,CA,1301.0,13.45,,37,21,16,43.24324324324324,16.141429669485014
59065,BELLIGNIES,200043321,CC du Pays de Mormal,CC,810.0,9.41,,20,9,11,55.00000000000001,11.11111111111111
59066,BERELLES,200043263,CC Coeur de l'Avesnois,CC,163.0,8.79,,5,3,2,40.0,18.404907975460123
59067,BERGUES,200040954,CC des Hauts de Flandre,CC,3525.0,12.42,8960.0,185,78,107,57.83783783783784,22.127659574468087
59068,BERLAIMONT,200043396,CA Maubeuge Val de Sambre,CA,3159.0,20.58,9000.0,102,49,53,51.9607843137255,15.511237733459957
59069,BERMERAIN,245901038,CC du Pays Solesmois,CC,778.0,12.63,,11,3,8,72.72727272727273,3.8560411311053984
59070,BERMERIES,,,,,11.56,,12,5,7,58.333333333333336,
59071,BERSEE,200041960,CC Pévèle-Carembault,CC,2318.0,7.31,,59,18,41,69.49152542372882,7.765314926660914
59072,BERSILLIES,200043396,CA Maubeuge Val de Sambre,CA,237.0,8.89,,5,3,2,40.0,12.658227848101266
59073,BERTHEN,200040947,CA Coeur de Flandre,CA,627.0,6.68,,15,8,7,46.666666666666664,12.759170653907496
59074,BERTRY,200030633,CA du Caudrésis et du Catésis,CA,2140.0,14.39,9190.0,61,30,31,50.81967213114754,14.018691588785046
59075,BETHENCOURT,200030633,CA du Caudrésis et du Catésis,CA,689.0,13.23,,21,6,15,71.42857142857143,8.708272859216256
59076,BETTIGNIES,200043396,CA Maubeuge Val de Sambre,CA,343.0,15.33,,7,1,6,85.71428571428571,2.9154518950437316
59077,BETTRECHIES,200043321,CC du Pays de Mormal,CC,253.0,14.29,,12,6,6,50.0,23.715415019762844
59078,BEUGNIES,200043263,CC Coeur de l'Avesnois,CC,599.0,11.8,,22,13,9,40.909090909090914,21.702838063439067
59079,BEUVRAGES,245901160,CA Valenciennes Métropole,CA,6796.0,27.23,7060.0,186,61,125,67.20430107526882,8.975868157739846
59080,BEUVRY-LA-FORET,200041960,CC Pévèle-Carembault,CC,2861.0,5.91,10480.0,78,36,42,53.84615384615385,12.583012932541068
59081,BEVILLERS,200030633,CA du Caudrésis et du Catésis,CA,529.0,16.27,,18,8,10,55.55555555555556,15.122873345935727
59082,BIERNE,200040954,CC des Hauts de Flandre,CC,1716.0,5.96,,36,16,20,55.55555555555556,9.324009324009324
59083,BISSEZEELE,200040954,CC des Hauts de Flandre,CC,239.0,2.54,,2,1,1,50.0,4.184100418410042
59084,BLARINGHEM,200040947,CA Coeur de Flandre,CA,2008.0,9.49,9660.0,63,30,33,52.38095238095239,14.9402390438247
59085,BLECOURT,200068500,CA de Cambrai,CA,313.0,8.5,,10,2,8,80.0,6.389776357827476
59086,BOESCHEPE,200040947,CA Coeur de Flandre,CA,2244.0,6.11,10030.0,108,40,68,62.96296296296296,17.825311942959
59087,BOESEGHEM,200040947,CA Coeur de Flandre,CA,766.0,9.56,,17,6,11,64.70588235294117,7.83289817232376
59088,BOIS-GRENIER,200093201,Métropole Européenne de Lille,METRO,1775.0,6.66,,62,28,34,54.83870967741935,15.774647887323944
59089,BOLLEZEELE,200040954,CC des Hauts de Flandre,CC,1445.0,12.92,,45,20,25,55.55555555555556,13.840830449826989
59090,BONDUES,200093201,Métropole Européenne de Lille,METRO,9747.0,7.43,8830.0,471,174,297,63.05732484076433,17.851646660510927
59091,BORRE,200040947,CA Coeur de Flandre,CA,553.0,5.05,,13,9,4,30.76923076923077,16.274864376130196
59092,BOUCHAIN,200042190,CA de la Porte du Hainaut,CA,4113.0,15.07,9240.0,124,55,69,55.64516129032258,13.372234378798929
59093,BOULOGNE-SUR-HELPE,200043263,CC Coeur de l'Avesnois,CC,291.0,12.98,,4,1,3,75.0,3.436426116838488
59094,BOURBOURG,245900428,CU de Dunkerque,CU,6931.0,13.48,8980.0,256,117,139,54.296875,16.880680998412927
59096,BOURGHELLES,200041960,CC Pévèle-Carembault,CC,1682.0,7.2,,43,18,25,58.139534883720934,10.70154577883472
59097,BOURSIES,200068500,CA de Cambrai,CA,360.0,13.05,,12,8,4,33.33333333333333,22.22222222222222
59098,BOUSBECQUE,200093201,Métropole Européenne de Lille,METRO,4978.0,7.66,9820.0,106,43,63,59.43396226415094,8.638007231820009
59099,BOUSIES,200043321,CC du Pays de Mormal,CC,1769.0,11.06,,63,28,35,55.55555555555556,15.828151498021482
59100,BOUSIGNIES,200042190,CA de la Porte du Hainaut,CA,339.0,8.25,,5,1,4,80.0,2.949852507374631
59101,BOUSIGNIES-SUR-ROC,200043396,CA Maubeuge Val de Sambre,CA,369.0,10.82,,8,2,6,75.0,5.420054200542006
59102,BOUSSIERES-EN-CAMBRESIS,200030633,CA du Caudrésis et du Catésis,CA,436.0,14.21,,10,6,4,40.0,13.761467889908257
59103,BOUSSIERES-SUR-SAMBRE,200043396,CA Maubeuge Val de Sambre,CA,522.0,13.45,,7,3,4,57.14285714285714,5.747126436781609
59104,BOUSSOIS,200043396,CA Maubeuge Val de Sambre,CA,3123.0,15.6,8200.0,94,49,45,47.87234042553192,15.69004162664105
59105,BOUVIGNIES,200041960,CC Pévèle-Carembault,CC,1580.0,5.93,,29,11,18,62.06896551724138,6.962025316455696
59106,BOUVINES,200093201,Métropole Européenne de Lille,METRO,766.0,6.41,,30,21,9,30.0,27.41514360313316
59107,BRAY-DUNES,245900428,CU de Dunkerque,CU,4189.0,12.69,8580.0,153,60,93,60.78431372549019,14.3232275005968
59108,BRIASTRE,200030633,CA du Caudrésis et du Catésis,CA,689.0,12.0,,19,5,14,73.68421052631578,7.25689404934688
59109,BRILLON,200042190,CA de la Porte du Hainaut,CA,771.0,9.69,,18,9,9,50.0,11.673151750972762
59110,BROUCKERQUE,200040954,CC des Hauts de Flandre,CC,1452.0,5.24,,21,7,14,66.66666666666666,4.820936639118457
59111,BROXEELE,200040954,CC des Hauts de Flandre,CC,425.0,4.79,,21,11,10,47.61904761904761,25.88235294117647
59112,BRUAY-SUR-L'ESCAUT,245901160,CA Valenciennes Métropole,CA,11644.0,20.63,7280.0,361,148,213,59.0027700831025,12.710408794228787
59113,BRUILLE-LEZ-MARCHIENNES,245901152,CA Coeur d'Ostrevent,CA,1340.0,15.3,,24,7,17,70.83333333333334,5.223880597014925
59114,BRUILLE-SAINT-AMAND,200042190,CA de la Porte du Hainaut,CA,1698.0,9.28,,35,13,22,62.857142857142854,7.656065959952886
59115,BRUNEMONT,200044618,CA Douaisis Agglo,CA,704.0,11.77,,13,8,5,38.46153846153847,11.363636363636365
59116,BRY,200043321,CC du Pays de Mormal,CC,390.0,4.69,,8,1,7,87.5,2.564102564102564
59117,BUGNICOURT,200044618,CA Douaisis Agglo,CA,1095.0,7.91,,22,9,13,59.09090909090909,8.219178082191782
59118,BUSIGNY,200030633,CA du Caudrésis et du Catésis,CA,2435.0,23.73,8380.0,59,24,35,59.32203389830508,9.856262833675565
59119,BUYSSCHEURE,200040947,CA Coeur de Flandre,CA,582.0,7.75,,16,7,9,56.25,12.027491408934708
59120,CAESTRE,200040947,CA Coeur de Flandre,CA,1951.0,5.77,,39,19,20,51.28205128205128,9.738595592004101
59121,CAGNONCLES,200068500,CA de Cambrai,CA,663.0,10.09,,13,6,7,53.84615384615385,9.049773755656108
59122,CAMBRAI,200068500,CA de Cambrai,CA,31134.0,21.54,7360.0,1873,751,1122,59.903897490656696,24.12153915333719
59123,CAMPHIN-EN-CAREMBAULT,200041960,CC Pévèle-Carembault,CC,1737.0,6.15,,39,17,22,56.41025641025641,9.78698906160046
59124,CAMPHIN-EN-PEVELE,200041960,CC Pévèle-Carembault,CC,2518.0,6.17,,58,25,33,56.896551724137936,9.928514694201748
59125,CANTAING-SUR-ESCAUT,200068500,CA de Cambrai,CA,410.0,12.14,,6,3,3,50.0,7.317073170731708
59126,CANTIN,200044618,CA Douaisis Agglo,CA,1741.0,13.01,,35,11,24,68.57142857142857,6.318207926479035
59128,CAPINGHEM,200093201,Métropole Européenne de Lille,METRO,2728.0,9.14,8530.0,102,43,59,57.84313725490197,15.762463343108504
59129,CAPPELLE-EN-PEVELE,200041960,CC Pévèle-Carembault,CC,2257.0,4.89,,43,22,21,48.837209302325576,9.74745237040319
59130,CAPPELLE-BROUCK,200040954,CC des Hauts de Flandre,CC,1169.0,9.59,,22,11,11,50.0,9.409751924721984
59131,CAPPELLE-LA-GRANDE,245900428,CU de Dunkerque,CU,7839.0,16.61,8810.0,194,97,97,50.0,12.374027299400433
59132,CARNIERES,200030633,CA du Caudrésis et du Catésis,CA,983.0,13.64,,29,13,16,55.172413793103445,13.224821973550355
59133,CARNIN,200093201,Métropole Européenne de Lille,METRO,1105.0,5.53,,17,10,7,41.17647058823529,9.049773755656108
59134,CARTIGNIES,200043263,CC Coeur de l'Avesnois,CC,1209.0,13.25,,35,16,19,54.285714285714285,13.234077750206781
59135,CASSEL,200040947,CA Coeur de Flandre,CA,2198.0,10.99,9180.0,86,32,54,62.7906976744186,14.558689717925388
59136,LE CATEAU-CAMBRESIS,200030633,CA du Caudrésis et du Catésis,CA,6764.0,29.48,6170.0,344,140,204,59.30232558139535,20.69781194559432
59137,CATILLON-SUR-SAMBRE,200030633,CA du Caudrésis et du Catésis,CA,781.0,15.69,,27,12,15,55.55555555555556,15.364916773367478
59138,CATTENIERES,200030633,CA du Caudrésis et du Catésis,CA,689.0,9.24,,23,11,12,52.17391304347826,15.965166908563136
59139,CAUDRY,200030633,CA du Caudrésis et du Catésis,CA,13833.0,26.26,6780.0,728,287,441,60.57692307692307,20.74748789127449
59140,CAULLERY,200030633,CA du Caudrésis et du Catésis,CA,467.0,12.28,,9,4,5,55.55555555555556,8.565310492505352
59141,CAUROIR,200068500,CA de Cambrai,CA,579.0,10.31,,19,8,11,57.89473684210527,13.816925734024181
59142,CERFONTAINE,200043396,CA Maubeuge Val de Sambre,CA,646.0,8.83,,9,3,6,66.66666666666666,4.643962848297213
59143,LA CHAPELLE-D'ARMENTIERES,200093201,Métropole Européenne de Lille,METRO,8754.0,9.13,8710.0,253,97,156,61.6600790513834,11.080648846241719
59144,CHATEAU-L'ABBAYE,200042190,CA de la Porte du Hainaut,CA,917.0,8.68,,24,14,10,41.66666666666667,15.267175572519083
59145,CHEMY,200041960,CC Pévèle-Carembault,CC,766.0,4.25,,15,9,6,40.0,11.74934725848564
59146,CHERENG,200093201,Métropole Européenne de Lille,METRO,3078.0,6.41,,66,29,37,56.060606060606055,9.421702404158545
59147,CHOISIES,200043263,CC Coeur de l'Avesnois,CC,43.0,4.17,,1,1,0,0.0,23.255813953488374
59148,CLAIRFAYTS,200043263,CC Coeur de l'Avesnois,CC,357.0,16.62,,12,4,8,66.66666666666666,11.204481792717088
59149,CLARY,200030633,CA du Caudrésis et du Catésis,CA,1088.0,11.24,,28,15,13,46.42857142857143,13.786764705882351
59150,COBRIEUX,200041960,CC Pévèle-Carembault,CC,563.0,5.43,,11,5,6,54.54545454545454,8.880994671403197
59151,COLLERET,200043396,CA Maubeuge Val de Sambre,CA,1541.0,10.5,,29,11,18,62.06896551724138,7.138221933809215
59152,COMINES,200093201,Métropole Européenne de Lille,METRO,12731.0,11.85,8440.0,339,142,197,58.11209439528023,11.153876364778887
59153,CONDE-SUR-L'ESCAUT,245901160,CA Valenciennes Métropole,CA,9253.0,28.66,6130.0,262,105,157,59.92366412213741,11.347671025613314
59155,COUDEKERQUE-BRANCHE,245900428,CU de Dunkerque,CU,20787.0,15.33,8940.0,626,273,353,56.38977635782748,13.133208255159476
59156,COURCHELETTES,200044618,CA Douaisis Agglo,CA,2855.0,13.55,9050.0,71,30,41,57.74647887323944,10.507880910683012
59157,COUSOLRE,200043396,CA Maubeuge Val de Sambre,CA,2153.0,18.11,,87,37,50,57.47126436781609,17.18532280538783
59158,COUTICHES,200041960,CC Pévèle-Carembault,CC,3436.0,5.61,9510.0,87,39,48,55.172413793103445,11.350407450523866
59159,CRAYWICK,245900428,CU de Dunkerque,CU,791.0,6.22,,17,10,7,41.17647058823529,12.642225031605562
59160,CRESPIN,245901160,CA Valenciennes Métropole,CA,4532.0,22.59,7900.0,87,38,49,56.32183908045977,8.384819064430715
59161,CREVECŒUR-SUR-L'ESCAUT,200068500,CA de Cambrai,CA,716.0,9.99,,13,8,5,38.46153846153847,11.1731843575419
59162,CROCHTE,200040954,CC des Hauts de Flandre,CC,659.0,7.36,,10,7,3,30.0,10.62215477996965
59163,CROIX,200093201,Métropole Européenne de Lille,METRO,20566.0,14.33,7650.0,848,319,529,62.382075471698116,15.51103763493144
59164,CROIX-CALUYAU,200043321,CC du Pays de Mormal,CC,238.0,9.22,,4,1,3,75.0,4.201680672268908
59165,CUINCY,200044618,CA Douaisis Agglo,CA,6467.0,13.05,8330.0,153,62,91,59.47712418300654,9.587134683779187
59166,CURGIES,245901160,CA Valenciennes Métropole,CA,1333.0,9.58,,30,17,13,43.333333333333336,12.753188297074269
59167,CUVILLERS,200068500,CA de Cambrai,CA,177.0,13.25,,5,3,2,40.0,16.949152542372882
59168,CYSOING,200041960,CC Pévèle-Carembault,CC,4839.0,9.12,9330.0,204,92,112,54.90196078431373,19.012192601777226
59169,DAMOUSIES,200043263,CC Coeur de l'Avesnois,CC,205.0,16.13,,2,2,0,0.0,9.75609756097561
59170,DECHY,200044618,CA Douaisis Agglo,CA,5338.0,22.23,8290.0,233,104,129,55.36480686695279,19.482952416635445
59171,DEHERIES,200030633,CA du Caudrésis et du Catésis,CA,43.0,0.0,,2,0,2,100.0,0.0
59172,DENAIN,200042190,CA de la Porte du Hainaut,CA,20665.0,31.94,6030.0,1146,553,593,51.74520069808028,26.760222598596663
59173,DEULEMONT,200093201,Métropole Européenne de Lille,METRO,1778.0,6.87,,48,20,28,58.333333333333336,11.24859392575928
59174,DIMECHAUX,200043263,CC Coeur de l'Avesnois,CC,327.0,8.17,,11,5,6,54.54545454545454,15.290519877675841
59175,DIMONT,200043263,CC Coeur de l'Avesnois,CC,289.0,12.76,,11,3,8,72.72727272727273,10.380622837370243
59176,DOIGNIES,200068500,CA de Cambrai,CA,325.0,11.87,,12,4,8,66.66666666666666,12.307692307692307
59177,DOMPIERRE-SUR-HELPE,200043263,CC Coeur de l'Avesnois,CC,815.0,13.9,,22,7,15,68.18181818181817,8.588957055214724
59178,DOUAI,200044618,CA Douaisis Agglo,CA,40250.0,22.32,6410.0,1890,630,1260,66.66666666666666,15.652173913043478
59179,DOUCHY-LES-MINES,200042190,CA de la Porte du Hainaut,CA,10109.0,18.21,7450.0,262,116,146,55.72519083969466,11.474923335641508
59180,LE DOULIEU,200040947,CA Coeur de Flandre,CA,1436.0,4.36,,38,17,21,55.26315789473685,11.838440111420613
59181,DOURLERS,200043263,CC Coeur de l'Avesnois,CC,536.0,9.13,,13,7,6,46.15384615384615,13.059701492537313
59182,DRINCHAM,200040954,CC des Hauts de Flandre,CC,281.0,11.42,,7,1,6,85.71428571428571,3.558718861209964
59183,DUNKERQUE,245900428,CU de Dunkerque,CU,86263.0,19.65,7490.0,3832,1443,2389,62.34342379958247,16.727913473911176
59184,EBBLINGHEM,200040947,CA Coeur de Flandre,CA,660.0,7.72,,10,5,5,50.0,7.575757575757575
59185,ECAILLON,245901152,CA Coeur d'Ostrevent,CA,1869.0,16.71,,27,16,11,40.74074074074074,8.560727661851258
59186,ECCLES,200043263,CC Coeur de l'Avesnois,CC,94.0,5.13,,1,0,1,100.0,0.0
59187,ECLAIBES,200043396,CA Maubeuge Val de Sambre,CA,269.0,6.41,,5,2,3,60.0,7.434944237918216
59188,ECUELIN,200043396,CA Maubeuge Val de Sambre,CA,145.0,7.69,,5,1,4,80.0,6.8965517241379315
59189,EECKE,200040947,CA Coeur de Flandre,CA,1213.0,5.85,,29,12,17,58.620689655172406,9.892827699917559
59190,ELESMES,200043396,CA Maubeuge Val de Sambre,CA,1013.0,7.5,,25,13,12,48.0,12.833168805528135
59191,ELINCOURT,200030633,CA du Caudrésis et du Catésis,CA,606.0,15.79,,26,11,15,57.692307692307686,18.151815181518153
59192,EMERCHICOURT,200042190,CA de la Porte du Hainaut,CA,804.0,10.86,,23,9,14,60.86956521739131,11.194029850746269
59193,EMMERIN,200093201,Métropole Européenne de Lille,METRO,3026.0,7.36,10770.0,52,24,28,53.84615384615385,7.931262392597489
59194,ENGLEFONTAINE,200043321,CC du Pays de Mormal,CC,1291.0,15.34,,34,18,16,47.05882352941176,13.942680092951202
59195,ENGLOS,200093201,Métropole Européenne de Lille,METRO,618.0,7.8,,124,67,57,45.96774193548387,108.41423948220064
59196,ENNETIERES-EN-WEPPES,200093201,Métropole Européenne de Lille,METRO,1280.0,5.71,,75,44,31,41.333333333333336,34.375
59197,ENNEVELIN,200041960,CC Pévèle-Carembault,CC,2416.0,4.92,,70,27,43,61.42857142857143,11.175496688741722
59198,EPPE-SAUVAGE,200043404,CC du Sud Avesnois,CC,237.0,9.85,,15,8,7,46.666666666666664,33.755274261603375
59199,ERCHIN,200044618,CA Douaisis Agglo,CA,670.0,10.43,,8,3,5,62.5,4.477611940298507
59200,ERINGHEM,200040954,CC des Hauts de Flandre,CC,462.0,5.85,,8,2,6,75.0,4.329004329004329
59201,ERQUINGHEM-LE-SEC,200093201,Métropole Européenne de Lille,METRO,620.0,5.48,,12,4,8,66.66666666666666,6.451612903225807
59202,ERQUINGHEM-LYS,200093201,Métropole Européenne de Lille,METRO,5341.0,7.36,9870.0,150,47,103,68.66666666666667,8.799850215315484
59203,ERRE,245901152,CA Coeur d'Ostrevent,CA,1586.0,9.5,,43,13,30,69.76744186046511,8.19672131147541
59204,ESCARMAIN,245901038,CC du Pays Solesmois,CC,479.0,8.24,,11,3,8,72.72727272727273,6.263048016701462
59205,ESCAUDAIN,200042190,CA de la Porte du Hainaut,CA,9039.0,21.14,7840.0,263,123,140,53.2319391634981,13.607699966810488
59206,ESCAUDOEUVRES,200068500,CA de Cambrai,CA,3171.0,19.15,8470.0,117,51,66,56.41025641025641,16.08325449385052
59207,ESCAUTPONT,200042190,CA de la Porte du Hainaut,CA,4202.0,27.35,8570.0,81,37,44,54.32098765432099,8.805330794859591
59208,ESCOBECQUES,200093201,Métropole Européenne de Lille,METRO,302.0,3.61,,6,2,4,66.66666666666666,6.622516556291391
59209,ESNES,200068500,CA de Cambrai,CA,656.0,16.22,,10,2,8,80.0,3.048780487804878
59210,ESQUELBECQ,200040954,CC des Hauts de Flandre,CC,2137.0,7.59,10990.0,50,22,28,56.00000000000001,10.294805802526907
59211,ESQUERCHIN,200044618,CA Douaisis Agglo,CA,893.0,11.25,,20,8,12,60.0,8.958566629339305
59212,ESTAIRES,245900758,CC Flandre Lys,CC,6525.0,11.46,9620.0,247,112,135,54.655870445344135,17.164750957854405
59213,ESTOURMEL,200030633,CA du Caudrésis et du Catésis,CA,475.0,6.32,,12,3,9,75.0,6.315789473684211
59214,ESTREES,200044618,CA Douaisis Agglo,CA,1134.0,8.14,,25,8,17,68.0,7.0546737213403885
59215,ESTREUX,245901160,CA Valenciennes Métropole,CA,937.0,7.36,,26,9,17,65.38461538461539,9.6051227321238
59216,ESWARS,200068500,CA de Cambrai,CA,363.0,8.65,,9,2,7,77.77777777777779,5.5096418732782375
59217,ETH,200043321,CC du Pays de Mormal,CC,328.0,4.57,,6,2,4,66.66666666666666,6.097560975609756
59218,ETRŒUNGT,200043263,CC Coeur de l'Avesnois,CC,1233.0,11.58,,40,19,21,52.5,15.4095701540957
59219,ESTRUN,200068500,CA de Cambrai,CA,725.0,7.32,,17,9,8,47.05882352941176,12.413793103448276
59220,FACHES-THUMESNIL,200093201,Métropole Européenne de Lille,METRO,18619.0,12.51,7810.0,736,320,416,56.52173913043478,17.186744723132286
59221,FAMARS,245901160,CA Valenciennes Métropole,CA,2474.0,19.33,7260.0,60,29,31,51.66666666666667,11.721907841552142
59222,FAUMONT,200044618,CA Douaisis Agglo,CA,2278.0,5.61,,58,15,43,74.13793103448276,6.584723441615452
59223,LE FAVRIL,200043321,CC du Pays de Mormal,CC,506.0,14.25,,15,5,10,66.66666666666666,9.881422924901186
59224,FECHAIN,200044618,CA Douaisis Agglo,CA,1635.0,14.78,,44,21,23,52.27272727272727,12.844036697247706
59225,FEIGNIES,200043396,CA Maubeuge Val de Sambre,CA,6703.0,20.34,7550.0,226,96,130,57.52212389380531,14.321945397583171
59226,FELLERIES,200043263,CC Coeur de l'Avesnois,CC,1433.0,12.79,,39,13,26,66.66666666666666,9.071877180739707
59227,FENAIN,245901152,CA Coeur d'Ostrevent,CA,5441.0,18.54,8090.0,125,55,70,56.00000000000001,10.10843594927403
59228,FERIN,200044618,CA Douaisis Agglo,CA,1432.0,6.26,,46,22,24,52.17391304347826,15.363128491620113
59229,FERON,200043404,CC du Sud Avesnois,CC,514.0,8.67,,15,5,10,66.66666666666666,9.727626459143968
59230,FERRIERE-LA-GRANDE,200043396,CA Maubeuge Val de Sambre,CA,5131.0,19.89,7050.0,134,71,63,47.01492537313433,13.837458585071136
59231,FERRIERE-LA-PETITE,200043396,CA Maubeuge Val de Sambre,CA,1024.0,14.6,,20,8,12,60.0,7.8125
59232,LA FLAMENGRIE,200043321,CC du Pays de Mormal,CC,431.0,6.5,,7,2,5,71.42857142857143,4.640371229698376
59233,FLAUMONT-WAUDRECHIES,200043263,CC Coeur de l'Avesnois,CC,342.0,15.08,,6,1,5,83.33333333333334,2.923976608187134
59234,FLERS-EN-ESCREBIEUX,200044618,CA Douaisis Agglo,CA,5424.0,15.91,8050.0,293,128,165,56.31399317406144,23.59882005899705
59236,FLESQUIERES,200068500,CA de Cambrai,CA,276.0,12.61,,10,3,7,70.0,10.869565217391303
59237,FLETRE,200040947,CA Coeur de Flandre,CA,923.0,7.1,,19,10,9,47.368421052631575,10.834236186348862
59238,FLINES-LES-MORTAGNE,200042190,CA de la Porte du Hainaut,CA,1685.0,9.34,,36,12,24,66.66666666666666,7.121661721068249
59239,FLINES-LEZ-RACHES,200044618,CA Douaisis Agglo,CA,5745.0,9.96,10280.0,171,66,105,61.40350877192983,11.488250652741515
59240,FLOURSIES,200043263,CC Coeur de l'Avesnois,CC,131.0,10.17,,4,3,1,25.0,22.900763358778626
59241,FLOYON,200043263,CC Coeur de l'Avesnois,CC,505.0,15.42,,14,7,7,50.0,13.861386138613861
59242,FONTAINE-AU-BOIS,200043321,CC du Pays de Mormal,CC,687.0,10.24,,21,7,14,66.66666666666666,10.189228529839882
59243,FONTAINE-AU-PIRE,200030633,CA du Caudrésis et du Catésis,CA,1214.0,13.1,,34,17,17,50.0,14.00329489291598
59244,FONTAINE-NOTRE-DAME,200068500,CA de Cambrai,CA,1754.0,10.01,,43,20,23,53.48837209302325,11.402508551881414
59246,FOREST-EN-CAMBRESIS,200043321,CC du Pays de Mormal,CC,549.0,8.67,,16,7,9,56.25,12.750455373406192
59247,FOREST-SUR-MARQUE,200093201,Métropole Européenne de Lille,METRO,1662.0,8.04,,32,9,23,71.875,5.415162454873647
59249,FOURMIES,200043404,CC du Sud Avesnois,CC,11449.0,27.81,5830.0,623,242,381,61.15569823434992,21.13721722421172
59250,FOURNES-EN-WEPPES,200093201,Métropole Européenne de Lille,METRO,2179.0,6.1,,45,26,19,42.22222222222222,11.932078935291418
59251,FRASNOY,200043321,CC du Pays de Mormal,CC,389.0,8.29,,13,5,8,61.53846153846154,12.853470437017995
59252,FRELINGHIEN,200093201,Métropole Européenne de Lille,METRO,2609.0,7.08,9980.0,66,30,36,54.54545454545454,11.498658489842851
59253,FRESNES-SUR-ESCAUT,245901160,CA Valenciennes Métropole,CA,7354.0,23.75,7750.0,208,98,110,52.88461538461539,13.326081044329616
59254,FRESSAIN,200044618,CA Douaisis Agglo,CA,919.0,8.07,,15,8,7,46.666666666666664,8.705114254624592
59255,FRESSIES,200068500,CA de Cambrai,CA,571.0,10.4,,22,8,14,63.63636363636363,14.010507880910684
59256,FRETIN,200093201,Métropole Européenne de Lille,METRO,3214.0,7.05,8340.0,126,43,83,65.87301587301587,13.378967019290604
59257,FROMELLES,200093201,Métropole Européenne de Lille,METRO,1161.0,5.76,,19,11,8,42.10526315789473,9.474590869939707
59258,GENECH,200041960,CC Pévèle-Carembault,CC,2803.0,4.99,,65,27,38,58.46153846153847,9.632536567962896
59259,GHISSIGNIES,200043321,CC du Pays de Mormal,CC,505.0,9.0,,11,2,9,81.81818181818183,3.9603960396039604
59260,GHYVELDE,245900428,CU de Dunkerque,CU,4133.0,8.31,10110.0,101,39,62,61.386138613861384,9.436244858456327
59261,GLAGEON,200043404,CC du Sud Avesnois,CC,1699.0,19.89,,52,25,27,51.92307692307693,14.714537963507945
59262,GODEWAERSVELDE,200040947,CA Coeur de Flandre,CA,2024.0,6.67,9410.0,37,19,18,48.64864864864865,9.387351778656127
59263,GŒULZIN,200044618,CA Douaisis Agglo,CA,1070.0,7.61,,15,6,9,60.0,5.607476635514018
59264,GOGNIES-CHAUSSEE,200043396,CA Maubeuge Val de Sambre,CA,723.0,14.99,,11,4,7,63.63636363636363,5.532503457814661
59265,GOMMEGNIES,200043321,CC du Pays de Mormal,CC,2264.0,8.32,9560.0,56,25,31,55.35714285714286,11.042402826855124
59266,GONDECOURT,200041960,CC Pévèle-Carembault,CC,4148.0,6.68,10250.0,112,46,66,58.92857142857143,11.089681774349085
59267,GONNELIEU,200068500,CA de Cambrai,CA,279.0,11.17,,8,4,4,50.0,14.336917562724013
59268,LA GORGUE,245900758,CC Flandre Lys,CC,5616.0,11.03,9610.0,185,100,85,45.94594594594595,17.806267806267808
59269,GOUZEAUCOURT,200068500,CA de Cambrai,CA,1413.0,16.99,,60,24,36,60.0,16.985138004246284
59270,GRAND-FAYT,200043263,CC Coeur de l'Avesnois,CC,473.0,14.64,,12,7,5,41.66666666666667,14.799154334038056
59271,GRANDE-SYNTHE,245900428,CU de Dunkerque,CU,20239.0,26.79,7480.0,707,271,436,61.669024045261665,13.38998962399328
59272,GRAND-FORT-PHILIPPE,245900428,CU de Dunkerque,CU,4887.0,13.75,8950.0,107,48,59,55.140186915887845,9.821976672805404
59273,GRAVELINES,245900428,CU de Dunkerque,CU,11430.0,12.83,9040.0,321,129,192,59.813084112149525,11.286089238845145
59274,LA GROISE,200030633,CA du Caudrésis et du Catésis,CA,464.0,8.81,,11,4,7,63.63636363636363,8.620689655172413
59275,GRUSON,200093201,Métropole Européenne de Lille,METRO,1207.0,5.84,,33,16,17,51.515151515151516,13.256006628003313
59276,GUESNAIN,200044618,CA Douaisis Agglo,CA,4635.0,18.82,8150.0,112,40,72,64.28571428571429,8.629989212513484
59277,GUSSIGNIES,200043321,CC du Pays de Mormal,CC,353.0,12.92,,11,5,6,54.54545454545454,14.164305949008499
59278,HALLENNES-LEZ-HAUBOURDIN,200093201,Métropole Européenne de Lille,METRO,4683.0,7.25,9970.0,148,83,65,43.91891891891892,17.723681400811447
59279,HALLUIN,200093201,Métropole Européenne de Lille,METRO,20715.0,12.85,8030.0,657,262,395,60.12176560121766,12.647839729664494
59280,HAMEL,200044618,CA Douaisis Agglo,CA,797.0,12.5,,19,7,12,63.1578947368421,8.782936010037641
59281,HANTAY,200093201,Métropole Européenne de Lille,METRO,1244.0,8.31,,28,11,17,60.71428571428571,8.842443729903538
59282,HARDIFORT,200040947,CA Coeur de Flandre,CA,385.0,6.15,,8,4,4,50.0,10.38961038961039
59283,HARGNIES,200043321,CC du Pays de Mormal,CC,599.0,6.45,,18,8,10,55.55555555555556,13.35559265442404
59284,HASNON,200042190,CA de la Porte du Hainaut,CA,3849.0,8.47,10150.0,119,53,66,55.46218487394958,13.769810340348142
59285,HASPRES,200042190,CA de la Porte du Hainaut,CA,2626.0,14.03,10090.0,56,28,28,50.0,10.662604722010663
59286,HAUBOURDIN,200093201,Métropole Européenne de Lille,METRO,15074.0,12.82,8180.0,447,187,260,58.16554809843401,12.405466365928088
59287,HAUCOURT-EN-CAMBRESIS,200030633,CA du Caudrésis et du Catésis,CA,193.0,8.08,,5,1,4,80.0,5.181347150259067
59288,HAULCHIN,200042190,CA de la Porte du Hainaut,CA,2281.0,15.6,8250.0,45,21,24,53.333333333333336,9.20648838228847
59289,HAUSSY,245901038,CC du Pays Solesmois,CC,1451.0,9.75,,31,19,12,38.70967741935484,13.094417643004824
59290,HAUT-LIEU,200043263,CC Coeur de l'Avesnois,CC,361.0,12.86,,7,3,4,57.14285714285714,8.310249307479225
59291,HAUTMONT,200043396,CA Maubeuge Val de Sambre,CA,14152.0,28.41,6930.0,503,203,300,59.64214711729622,14.344262295081968
59292,HAVELUY,200042190,CA de la Porte du Hainaut,CA,3222.0,20.89,8090.0,77,24,53,68.83116883116884,7.4487895716946
59293,HAVERSKERQUE,245900758,CC Flandre Lys,CC,1376.0,8.69,,41,24,17,41.46341463414634,17.44186046511628
59294,HAYNECOURT,200068500,CA de Cambrai,CA,307.0,9.32,,13,9,4,30.76923076923077,29.315960912052116
59295,HAZEBROUCK,200040947,CA Coeur de Flandre,CA,21912.0,12.65,8590.0,879,412,467,53.12855517633675,18.802482657904346
59296,HECQ,200043321,CC du Pays de Mormal,CC,353.0,11.38,,6,1,5,83.33333333333334,2.8328611898017
59297,HELESMES,200042190,CA de la Porte du Hainaut,CA,1907.0,9.61,,36,15,21,58.333333333333336,7.865757734661773
59299,HEM,200093201,Métropole Européenne de Lille,METRO,18582.0,15.97,7630.0,537,192,345,64.24581005586593,10.332579916047788
59300,HEM-LENGLET,200068500,CA de Cambrai,CA,565.0,19.01,,9,3,6,66.66666666666666,5.3097345132743365
59301,HERGNIES,245901160,CA Valenciennes Métropole,CA,4479.0,9.86,9440.0,102,54,48,47.05882352941176,12.056262558606832
59302,HERIN,200042190,CA de la Porte du Hainaut,CA,4169.0,15.89,8520.0,84,40,44,52.38095238095239,9.594627008875031
59303,HERLIES,200093201,Métropole Européenne de Lille,METRO,2267.0,8.03,10010.0,63,27,36,57.14285714285714,11.910013233348037
59304,HERRIN,200041960,CC Pévèle-Carembault,CC,425.0,8.25,,13,4,9,69.23076923076923,9.411764705882353
59305,HERZEELE,200040954,CC des Hauts de Flandre,CC,1638.0,6.1,,45,25,20,44.44444444444444,15.262515262515263
59306,HESTRUD,200043263,CC Coeur de l'Avesnois,CC,288.0,14.55,,4,3,1,25.0,10.416666666666668
59307,HOLQUE,200040954,CC des Hauts de Flandre,CC,837.0,13.27,,24,11,13,54.166666666666664,13.142174432497013
59308,HONDEGHEM,200040947,CA Coeur de Flandre,CA,916.0,7.3,,25,14,11,44.0,15.283842794759824
59309,HONDSCHOOTE,200040954,CC des Hauts de Flandre,CC,3957.0,14.72,9040.0,104,45,59,56.730769230769226,11.372251705837757
59310,HON-HERGIES,200043321,CC du Pays de Mormal,CC,867.0,9.0,,17,6,11,64.70588235294117,6.920415224913495
59311,HONNECHY,200030633,CA du Caudrésis et du Catésis,CA,541.0,21.89,,17,9,8,47.05882352941176,16.635859519408502
59312,HONNECOURT-SUR-ESCAUT,200068500,CA de Cambrai,CA,710.0,16.31,,17,9,8,47.05882352941176,12.67605633802817
59313,HORDAIN,200042190,CA de la Porte du Hainaut,CA,1446.0,10.82,,34,18,16,47.05882352941176,12.448132780082988
59314,HORNAING,245901152,CA Coeur d'Ostrevent,CA,3496.0,12.51,8230.0,88,36,52,59.09090909090909,10.297482837528603
59315,HOUDAIN-LEZ-BAVAY,200043321,CC du Pays de Mormal,CC,902.0,9.91,,14,7,7,50.0,7.760532150776053
59316,HOUPLIN-ANCOISNE,200093201,Métropole Européenne de Lille,METRO,3326.0,9.59,10060.0,62,27,35,56.451612903225815,8.117859290438966
59317,HOUPLINES,200093201,Métropole Européenne de Lille,METRO,7921.0,12.98,8320.0,221,73,148,66.9683257918552,9.216008079787905
59318,HOUTKERQUE,200040947,CA Coeur de Flandre,CA,978.0,6.22,,17,6,11,64.70588235294117,6.134969325153374
59319,HOYMILLE,200040954,CC des Hauts de Flandre,CC,3259.0,8.56,10920.0,59,30,29,49.152542372881356,9.205277692543726
59320,ILLIES,200093201,Métropole Européenne de Lille,METRO,1712.0,6.33,,45,26,19,42.22222222222222,15.186915887850468
59321,INCHY,200030633,CA du Caudrésis et du Catésis,CA,619.0,18.21,,27,8,19,70.37037037037037,12.924071082390954
59322,IWUY,200068500,CA de Cambrai,CA,3403.0,18.61,9470.0,114,45,69,60.526315789473685,13.223626212165737
59323,JENLAIN,200043321,CC du Pays de Mormal,CC,1115.0,8.14,,28,18,10,35.714285714285715,16.143497757847534
59324,JEUMONT,200043396,CA Maubeuge Val de Sambre,CA,10160.0,28.09,6210.0,348,149,199,57.18390804597702,14.665354330708661
59325,JOLIMETZ,200043321,CC du Pays de Mormal,CC,856.0,6.68,,16,8,8,50.0,9.345794392523365
59326,KILLEM,200040954,CC des Hauts de Flandre,CC,1164.0,9.7,,24,12,12,50.0,10.309278350515465
59327,LALLAING,200044618,CA Douaisis Agglo,CA,6287.0,19.97,8730.0,152,58,94,61.8421052631579,9.225385716557977
59328,LAMBERSART,200093201,Métropole Européenne de Lille,METRO,27090.0,9.65,8290.0,783,319,464,59.25925925925925,11.775562938353636
59329,LAMBRES-LEZ-DOUAI,200044618,CA Douaisis Agglo,CA,4883.0,15.79,9940.0,134,59,75,55.970149253731336,12.08273602293672
59330,LANDAS,200041960,CC Pévèle-Carembault,CC,2518.0,6.82,,72,24,48,66.66666666666666,9.531374106433677
59331,LANDRECIES,200043321,CC du Pays de Mormal,CC,3407.0,18.81,6510.0,156,64,92,58.97435897435898,18.784854710889345
59332,LANNOY,200093201,Métropole Européenne de Lille,METRO,1812.0,16.96,,88,32,56,63.63636363636363,17.660044150110373
59333,LAROUILLIES,200043263,CC Coeur de l'Avesnois,CC,231.0,12.12,,5,3,2,40.0,12.987012987012987
59334,LAUWIN-PLANQUE,200044618,CA Douaisis Agglo,CA,1608.0,12.82,,21,10,11,52.38095238095239,6.218905472636815
59335,LECELLES,200042190,CA de la Porte du Hainaut,CA,3046.0,7.32,9800.0,65,28,37,56.92307692307692,9.192383453709784
59336,LECLUSE,200044618,CA Douaisis Agglo,CA,1346.0,12.47,,29,13,16,55.172413793103445,9.658246656760772
59337,LEDERZEELE,200040954,CC des Hauts de Flandre,CC,703.0,6.35,,17,10,7,41.17647058823529,14.224751066856332
59338,LEDRINGHEM,200040954,CC des Hauts de Flandre,CC,611.0,5.6,,5,2,3,60.0,3.2733224222585924
59339,LEERS,200093201,Métropole Européenne de Lille,METRO,9521.0,10.47,9930.0,350,146,204,58.285714285714285,15.334523684486923
59340,LEFFRINCKOUCKE,245900428,CU de Dunkerque,CU,4078.0,12.48,9520.0,64,25,39,60.9375,6.1304561059342815
59341,LESDAIN,200068500,CA de Cambrai,CA,432.0,10.15,,12,0,12,100.0,0.0
59342,LEZ-FONTAINE,200043263,CC Coeur de l'Avesnois,CC,236.0,10.42,,4,0,4,100.0,0.0
59343,LESQUIN,200093201,Métropole Européenne de Lille,METRO,9600.0,8.57,9430.0,297,134,163,54.882154882154886,13.958333333333334
59344,LEVAL,200043396,CA Maubeuge Val de Sambre,CA,2474.0,15.79,9390.0,52,30,22,42.30769230769231,12.126111560226352
59345,LEWARDE,245901152,CA Coeur d'Ostrevent,CA,2353.0,20.05,7540.0,56,17,39,69.64285714285714,7.224819379515512
59346,LEZENNES,200093201,Métropole Européenne de Lille,METRO,2978.0,8.78,8650.0,146,66,80,54.794520547945204,22.16252518468771
59347,LIESSIES,200043263,CC Coeur de l'Avesnois,CC,527.0,11.9,,8,3,5,62.5,5.692599620493358
59348,LIEU-SAINT-AMAND,200042190,CA de la Porte du Hainaut,CA,1462.0,9.76,,29,15,14,48.275862068965516,10.259917920656635
59349,LIGNY-EN-CAMBRESIS,200030633,CA du Caudrésis et du Catésis,CA,1847.0,11.66,,67,34,33,49.25373134328358,18.408229561451
59350,LILLE,200093201,Métropole Européenne de Lille,METRO,238246.0,16.89,6480.0,15195,5605,9590,63.11286607436657,23.526103271408545
59351,LIMONT-FONTAINE,200043396,CA Maubeuge Val de Sambre,CA,525.0,15.04,,8,3,5,62.5,5.714285714285714
59352,LINSELLES,200093201,Métropole Européenne de Lille,METRO,8161.0,6.95,9400.0,256,102,154,60.15625,12.498468324960177
59353,LOCQUIGNOL,200043321,CC du Pays de Mormal,CC,301.0,9.12,,11,5,6,54.54545454545454,16.611295681063122
59354,LOFFRE,245901152,CA Coeur d'Ostrevent,CA,712.0,7.7,,18,6,12,66.66666666666666,8.426966292134832
59356,LOMPRET,200093201,Métropole Européenne de Lille,METRO,2155.0,7.5,,49,25,24,48.97959183673469,11.60092807424594
59357,LA LONGUEVILLE,200043321,CC du Pays de Mormal,CC,2057.0,8.57,9520.0,62,27,35,56.451612903225815,13.125911521633448
59358,LOOBERGHE,200040954,CC des Hauts de Flandre,CC,1228.0,8.37,,32,15,17,53.125,12.21498371335505
59359,LOON-PLAGE,245900428,CU de Dunkerque,CU,5952.0,9.7,9620.0,156,59,97,62.17948717948718,9.91263440860215
59360,LOOS,200093201,Métropole Européenne de Lille,METRO,22567.0,17.67,7670.0,721,279,442,61.30374479889043,12.363185181902779
59361,LOURCHES,200042190,CA de la Porte du Hainaut,CA,3734.0,25.48,6710.0,124,57,67,54.03225806451613,15.265131226566684
59363,LOUVIGNIES-QUESNOY,200043321,CC du Pays de Mormal,CC,899.0,8.57,,31,13,18,58.06451612903226,14.460511679644048
59364,LOUVIL,200041960,CC Pévèle-Carembault,CC,922.0,8.13,,21,9,12,57.14285714285714,9.761388286334055
59365,LOUVROIL,200043396,CA Maubeuge Val de Sambre,CA,6294.0,37.29,5650.0,474,200,274,57.80590717299579,31.776294884016526
59366,LYNDE,200040947,CA Coeur de Flandre,CA,783.0,5.83,,10,6,4,40.0,7.662835249042145
59367,LYS-LEZ-LANNOY,200093201,Métropole Européenne de Lille,METRO,14050.0,13.21,8180.0,466,183,283,60.72961373390557,13.024911032028468
59368,LA MADELEINE,200093201,Métropole Européenne de Lille,METRO,21790.0,13.04,8020.0,861,289,572,66.43437862950059,13.262964662689308
59369,MAING,245901160,CA Valenciennes Métropole,CA,3954.0,9.31,8530.0,77,26,51,66.23376623376623,6.575619625695498
59370,MAIRIEUX,200043396,CA Maubeuge Val de Sambre,CA,699.0,7.99,,18,8,10,55.55555555555556,11.444921316165953
59371,LE MAISNIL,200093201,Métropole Européenne de Lille,METRO,628.0,2.65,,14,7,7,50.0,11.146496815286625
59372,MALINCOURT,200030633,CA du Caudrésis et du Catésis,CA,498.0,12.38,,14,8,6,42.857142857142854,16.06425702811245
59374,MARBAIX,200043263,CC Coeur de l'Avesnois,CC,461.0,13.91,,10,8,2,20.0,17.35357917570499
59375,MARCHIENNES,245901152,CA Coeur d'Ostrevent,CA,4507.0,10.94,9450.0,113,40,73,64.60176991150442,8.875083203905037
59377,MARCOING,200068500,CA de Cambrai,CA,1841.0,13.75,,39,18,21,53.84615384615385,9.77729494839761
59378,MARCQ-EN-BARŒUL,200093201,Métropole Européenne de Lille,METRO,40184.0,9.3,8190.0,1388,516,872,62.824207492795395,12.840931714115072
59379,MARCQ-EN-OSTREVENT,200044618,CA Douaisis Agglo,CA,741.0,11.17,,23,14,9,39.130434782608695,18.893387314439945
59381,MARESCHES,200043321,CC du Pays de Mormal,CC,808.0,10.3,,17,9,8,47.05882352941176,11.138613861386139
59382,MARETZ,200030633,CA du Caudrésis et du Catésis,CA,1402.0,15.57,,53,16,37,69.81132075471697,11.412268188302425
59383,MARLY,245901160,CA Valenciennes Métropole,CA,11995.0,20.35,7730.0,309,112,197,63.75404530744336,9.33722384326803
59384,MAROILLES,200043321,CC du Pays de Mormal,CC,1454.0,11.74,,63,28,35,55.55555555555556,19.257221458046768
59385,MARPENT,200043396,CA Maubeuge Val de Sambre,CA,2653.0,21.82,7910.0,72,37,35,48.61111111111111,13.94647568790049
59386,MARQUETTE-LEZ-LILLE,200093201,Métropole Européenne de Lille,METRO,12622.0,8.6,8180.0,382,178,204,53.403141361256544,14.102360957059103
59387,MARQUETTE-EN-OSTREVANT,200042190,CA de la Porte du Hainaut,CA,1943.0,12.53,,51,19,32,62.745098039215684,9.778692743180649
59388,MARQUILLIES,200093201,Métropole Européenne de Lille,METRO,1961.0,8.14,,33,16,17,51.515151515151516,8.15910249872514
59389,MASNIERES,200068500,CA de Cambrai,CA,2689.0,18.48,8040.0,71,38,33,46.478873239436616,14.131647452584604
59390,MASNY,245901152,CA Coeur d'Ostrevent,CA,3999.0,20.38,7230.0,126,49,77,61.111111111111114,12.253063265816454
59391,MASTAING,200042190,CA de la Porte du Hainaut,CA,911.0,11.96,,17,6,11,64.70588235294117,6.586169045005488
59392,MAUBEUGE,200043396,CA Maubeuge Val de Sambre,CA,28767.0,29.56,6390.0,1257,457,800,63.64359586316627,15.886258560155735
59393,MAULDE,200042190,CA de la Porte du Hainaut,CA,949.0,8.66,,21,12,9,42.857142857142854,12.644889357218124
59394,MAUROIS,200030633,CA du Caudrésis et du Catésis,CA,405.0,24.56,,6,1,5,83.33333333333334,2.4691358024691357
59395,MAZINGHIEN,200030633,CA du Caudrésis et du Catésis,CA,279.0,10.02,,10,3,7,70.0,10.75268817204301
59396,MECQUIGNIES,200043321,CC du Pays de Mormal,CC,695.0,7.02,,22,10,12,54.54545454545454,14.388489208633095
59397,MERCKEGHEM,200040954,CC des Hauts de Flandre,CC,615.0,8.52,,11,3,8,72.72727272727273,4.878048780487805
59398,MERIGNIES,200041960,CC Pévèle-Carembault,CC,3527.0,5.79,,91,38,53,58.24175824175825,10.774028919761836
59399,MERRIS,200040947,CA Coeur de Flandre,CA,1106.0,7.22,,23,6,17,73.91304347826086,5.424954792043399
59400,MERVILLE,245900758,CC Flandre Lys,CC,9808.0,14.42,9080.0,293,123,170,58.02047781569966,12.54078303425775
59401,METEREN,200040947,CA Coeur de Flandre,CA,2231.0,5.42,8940.0,69,37,32,46.3768115942029,16.584491259524878
59402,MILLAM,200040954,CC des Hauts de Flandre,CC,838.0,6.56,,24,13,11,45.83333333333333,15.513126491646778
59403,MILLONFOSSE,200042190,CA de la Porte du Hainaut,CA,705.0,8.3,,16,9,7,43.75,12.765957446808512
59405,MOEUVRES,200068500,CA de Cambrai,CA,490.0,7.61,,10,5,5,50.0,10.204081632653061
59406,MONCEAU-SAINT-WAAST,200043396,CA Maubeuge Val de Sambre,CA,419.0,9.75,,10,4,6,60.0,9.546539379474941
59407,MONCHAUX-SUR-ECAILLON,245901160,CA Valenciennes Métropole,CA,616.0,6.95,,8,4,4,50.0,6.4935064935064934
59408,MONCHEAUX,200041960,CC Pévèle-Carembault,CC,1663.0,5.13,,32,12,20,62.5,7.215874924834636
59409,MONCHECOURT,245901152,CA Coeur d'Ostrevent,CA,2516.0,16.5,8680.0,52,20,32,61.53846153846154,7.94912559618442
59410,MONS-EN-BARŒUL,200093201,Métropole Européenne de Lille,METRO,21105.0,16.53,7560.0,712,278,434,60.95505617977528,13.172234067756456
59411,MONS-EN-PEVELE,200041960,CC Pévèle-Carembault,CC,2075.0,7.66,,64,28,36,56.25,13.493975903614457
59412,MONTAY,200030633,CA du Caudrésis et du Catésis,CA,276.0,17.1,,10,6,4,40.0,21.739130434782606
59413,MONTIGNY-EN-CAMBRESIS,200030633,CA du Caudrésis et du Catésis,CA,552.0,13.89,,14,9,5,35.714285714285715,16.304347826086953
59414,MONTIGNY-EN-OSTREVENT,245901152,CA Coeur d'Ostrevent,CA,4495.0,14.73,8690.0,130,55,75,57.692307692307686,12.235817575083425
59415,MONTRECOURT,245901038,CC du Pays Solesmois,CC,228.0,9.26,,3,1,2,66.66666666666666,4.385964912280701
59416,MORBECQUE,200040947,CA Coeur de Flandre,CA,2573.0,11.23,10430.0,56,22,34,60.71428571428571,8.550330353672756
59418,MORTAGNE-DU-NORD,200042190,CA de la Porte du Hainaut,CA,1599.0,18.16,,48,18,30,62.5,11.25703564727955
59419,MOUCHIN,200041960,CC Pévèle-Carembault,CC,1491.0,4.82,,31,7,24,77.41935483870968,4.694835680751173
59420,MOUSTIER-EN-FAGNE,200043404,CC du Sud Avesnois,CC,61.0,13.04,,1,1,0,0.0,16.39344262295082
59421,MOUVAUX,200093201,Métropole Européenne de Lille,METRO,13369.0,9.81,8840.0,433,166,267,61.662817551963045,12.416785099857881
59422,NAVES,200068500,CA de Cambrai,CA,620.0,10.15,,19,9,10,52.63157894736842,14.516129032258064
59423,NEUF-BERQUIN,200040947,CA Coeur de Flandre,CA,1417.0,10.29,,27,15,12,44.44444444444444,10.585744530698658
59424,NEUF-MESNIL,200043396,CA Maubeuge Val de Sambre,CA,1286.0,22.69,,45,20,25,55.55555555555556,15.552099533437014
59425,NEUVILLE-EN-AVESNOIS,200043321,CC du Pays de Mormal,CC,298.0,8.68,,9,5,4,44.44444444444444,16.778523489932887
59426,NEUVILLE-EN-FERRAIN,200093201,Métropole Européenne de Lille,METRO,10002.0,8.15,9610.0,369,187,182,49.32249322493225,18.696260747850427
59427,LA NEUVILLE,200041960,CC Pévèle-Carembault,CC,593.0,6.8,,14,5,9,64.28571428571429,8.431703204047217
59428,NEUVILLE-SAINT-REMY,200068500,CA de Cambrai,CA,4012.0,19.68,8440.0,97,36,61,62.88659793814433,8.973080757726821
59429,NEUVILLE-SUR-ESCAUT,200042190,CA de la Porte du Hainaut,CA,2901.0,16.33,8950.0,46,18,28,60.86956521739131,6.204756980351603
59430,NEUVILLY,200030633,CA du Caudrésis et du Catésis,CA,1103.0,14.39,,25,13,12,48.0,11.786038077969176
59431,NIEPPE,200040947,CA Coeur de Flandre,CA,7764.0,9.26,9100.0,276,122,154,55.79710144927537,15.713549716640907
59432,NIERGNIES,200068500,CA de Cambrai,CA,509.0,5.27,,13,7,6,46.15384615384615,13.752455795677799
59433,NIEURLET,200040954,CC des Hauts de Flandre,CC,908.0,9.02,,19,9,10,52.63157894736842,9.911894273127754
59434,NIVELLE,200042190,CA de la Porte du Hainaut,CA,1406.0,8.95,,28,14,14,50.0,9.957325746799432
59435,NOMAIN,200041960,CC Pévèle-Carembault,CC,2651.0,7.82,10200.0,48,15,33,68.75,5.658242172764995
59436,NOORDPEENE,200040947,CA Coeur de Flandre,CA,825.0,6.15,,19,7,12,63.1578947368421,8.484848484848484
59437,NOYELLES-LES-SECLIN,200093201,Métropole Européenne de Lille,METRO,838.0,5.8,,18,5,13,72.22222222222221,5.966587112171838
59438,NOYELLES-SUR-ESCAUT,200068500,CA de Cambrai,CA,816.0,8.28,,19,7,12,63.1578947368421,8.57843137254902
59439,NOYELLES-SUR-SAMBRE,200043396,CA Maubeuge Val de Sambre,CA,283.0,12.07,,3,0,3,100.0,0.0
59440,NOYELLES-SUR-SELLE,200042190,CA de la Porte du Hainaut,CA,657.0,10.72,,15,5,10,66.66666666666666,7.610350076103501
59441,OBIES,200043321,CC du Pays de Mormal,CC,660.0,8.7,,7,3,4,57.14285714285714,4.545454545454545
59442,OBRECHIES,200043396,CA Maubeuge Val de Sambre,CA,283.0,5.85,,6,3,3,50.0,10.60070671378092
59443,OCHTEZEELE,200040947,CA Coeur de Flandre,CA,351.0,3.5,,5,3,2,40.0,8.547008547008547
59444,ODOMEZ,245901160,CA Valenciennes Métropole,CA,945.0,13.83,,20,11,9,45.0,11.640211640211641
59445,OHAIN,200043404,CC du Sud Avesnois,CC,1171.0,15.19,,41,18,23,56.09756097560976,15.371477369769428
59446,OISY,200042190,CA de la Porte du Hainaut,CA,699.0,6.96,,13,8,5,38.46153846153847,11.444921316165953
59447,ONNAING,245901160,CA Valenciennes Métropole,CA,8479.0,21.22,8340.0,228,98,130,57.01754385964912,11.55796674136101
59448,OOST-CAPPEL,200040954,CC des Hauts de Flandre,CC,463.0,13.48,,8,3,5,62.5,6.479481641468682
59449,ORCHIES,200041960,CC Pévèle-Carembault,CC,8396.0,12.99,9320.0,389,162,227,58.354755784061695,19.294902334444973
59450,ORS,200030633,CA du Caudrésis et du Catésis,CA,644.0,15.8,,24,9,15,62.5,13.975155279503106
59451,ORSINVAL,200043321,CC du Pays de Mormal,CC,564.0,5.4,,19,9,10,52.63157894736842,15.95744680851064
59452,OSTRICOURT,200041960,CC Pévèle-Carembault,CC,6097.0,16.01,8050.0,150,69,81,54.0,11.317041167787435
59453,OUDEZEELE,200040947,CA Coeur de Flandre,CA,690.0,7.58,,17,5,12,70.58823529411765,7.246376811594203
59454,OXELAERE,200040947,CA Coeur de Flandre,CA,540.0,5.46,,5,2,3,60.0,3.7037037037037033
59455,PAILLENCOURT,200068500,CA de Cambrai,CA,1030.0,10.24,,29,14,15,51.724137931034484,13.592233009708737
59456,PECQUENCOURT,245901152,CA Coeur d'Ostrevent,CA,6092.0,24.73,7720.0,168,60,108,64.28571428571429,9.848982271831911
59457,PERENCHIES,200093201,Métropole Européenne de Lille,METRO,8455.0,8.39,8880.0,223,79,144,64.57399103139014,9.343583678296866
59458,PERONNE-EN-MELANTOIS,200093201,Métropole Européenne de Lille,METRO,1025.0,8.95,,23,11,12,52.17391304347826,10.731707317073171
59459,PETITE-FORET,245901160,CA Valenciennes Métropole,CA,5054.0,13.65,8650.0,266,129,137,51.50375939849624,25.524337158686187
59461,PETIT-FAYT,200043263,CC Coeur de l'Avesnois,CC,286.0,8.98,,7,1,6,85.71428571428571,3.4965034965034967
59462,PHALEMPIN,200041960,CC Pévèle-Carembault,CC,4847.0,6.27,10460.0,114,44,70,61.40350877192983,9.077780070146481
59463,PITGAM,200040954,CC des Hauts de Flandre,CC,1007.0,11.47,,32,11,21,65.625,10.92353525322741
59464,POIX-DU-NORD,200043321,CC du Pays de Mormal,CC,2126.0,11.04,8160.0,76,38,38,50.0,17.873941674506117
59465,POMMEREUIL,200030633,CA du Caudrésis et du Catésis,CA,765.0,15.34,,18,8,10,55.55555555555556,10.457516339869281
59466,PONT-A-MARCQ,200041960,CC Pévèle-Carembault,CC,3016.0,6.6,9130.0,101,39,62,61.386138613861384,12.931034482758621
59467,PONT-SUR-SAMBRE,200043396,CA Maubeuge Val de Sambre,CA,2371.0,13.07,8480.0,66,26,40,60.60606060606061,10.965837199493885
59468,POTELLE,200043321,CC du Pays de Mormal,CC,439.0,5.77,,3,2,1,33.33333333333333,4.555808656036446
59469,PRADELLES,200040947,CA Coeur de Flandre,CA,399.0,6.07,,7,2,5,71.42857142857143,5.012531328320802
59470,PREMESQUES,200093201,Métropole Européenne de Lille,METRO,2031.0,4.65,,67,25,42,62.68656716417911,12.309207287050713
59471,PRESEAU,245901160,CA Valenciennes Métropole,CA,2100.0,6.86,10620.0,51,25,26,50.98039215686274,11.904761904761905
59472,PREUX-AU-BOIS,200043321,CC du Pays de Mormal,CC,832.0,10.49,,14,8,6,42.857142857142854,9.615384615384615
59473,PREUX-AU-SART,200043321,CC du Pays de Mormal,CC,300.0,7.27,,1,1,0,0.0,3.3333333333333335
59474,PRISCHES,200043263,CC Coeur de l'Avesnois,CC,1000.0,12.88,,33,22,11,33.33333333333333,22.0
59475,PROUVY,245901160,CA Valenciennes Métropole,CA,2178.0,17.9,8760.0,96,38,58,60.416666666666664,17.447199265381084
59476,PROVILLE,200068500,CA de Cambrai,CA,3206.0,10.89,8840.0,168,77,91,54.166666666666664,24.017467248908297
59477,PROVIN,200093201,Métropole Européenne de Lille,METRO,4428.0,11.5,9280.0,91,42,49,53.84615384615385,9.48509485094851
59478,QUAEDYPRE,200040954,CC des Hauts de Flandre,CC,1108.0,8.0,,54,36,18,33.33333333333333,32.49097472924188
59479,QUAROUBLE,245901160,CA Valenciennes Métropole,CA,3145.0,12.37,9660.0,76,40,36,47.368421052631575,12.718600953895072
59480,QUERENAING,245901160,CA Valenciennes Métropole,CA,865.0,5.98,,13,4,9,69.23076923076923,4.624277456647399
59481,LE QUESNOY,200043321,CC du Pays de Mormal,CC,4878.0,21.2,8260.0,231,101,130,56.27705627705628,20.70520705207052
59482,QUESNOY-SUR-DEULE,200093201,Métropole Européenne de Lille,METRO,6805.0,7.18,8910.0,170,74,96,56.470588235294116,10.874357090374724
59483,QUIEVELON,200043396,CA Maubeuge Val de Sambre,CA,135.0,13.11,,3,1,2,66.66666666666666,7.4074074074074066
59484,QUIEVRECHAIN,245901160,CA Valenciennes Métropole,CA,5949.0,22.27,7150.0,175,75,100,57.14285714285714,12.607160867372668
59485,QUIEVY,200030633,CA du Caudrésis et du Catésis,CA,1803.0,12.57,,53,30,23,43.39622641509434,16.638935108153078
59486,RACHES,200044618,CA Douaisis Agglo,CA,2672.0,12.11,9620.0,78,28,50,64.1025641025641,10.479041916167665
59487,RADINGHEM-EN-WEPPES,200093201,Métropole Européenne de Lille,METRO,1410.0,5.58,,27,12,15,55.55555555555556,8.51063829787234
59488,RAILLENCOURT-SAINTE-OLLE,200068500,CA de Cambrai,CA,2127.0,16.12,9300.0,63,24,39,61.904761904761905,11.283497884344149
59489,RAIMBEAUCOURT,200044618,CA Douaisis Agglo,CA,4000.0,12.9,9120.0,100,39,61,61.0,9.75
59490,RAINSARS,200043263,CC Coeur de l'Avesnois,CC,197.0,8.24,,4,3,1,25.0,15.228426395939085
59491,RAISMES,200042190,CA de la Porte du Hainaut,CA,12199.0,25.0,7350.0,353,167,186,52.69121813031161,13.689646692351833
59492,RAMILLIES,200068500,CA de Cambrai,CA,579.0,11.03,,8,1,7,87.5,1.7271157167530227
59493,RAMOUSIES,200043263,CC Coeur de l'Avesnois,CC,220.0,14.29,,6,2,4,66.66666666666666,9.090909090909092
59494,RAUCOURT-AU-BOIS,200043321,CC du Pays de Mormal,CC,150.0,10.53,,2,0,2,100.0,0.0
59495,RECQUIGNIES,200043396,CA Maubeuge Val de Sambre,CA,2338.0,16.63,7940.0,52,25,27,51.92307692307693,10.6928999144568
59496,REJET-DE-BEAULIEU,200030633,CA du Caudrésis et du Catésis,CA,241.0,12.9,,6,3,3,50.0,12.448132780082988
59497,RENESCURE,200040947,CA Coeur de Flandre,CA,2113.0,8.78,10050.0,61,33,28,45.90163934426229,15.617605300520587
59498,REUMONT,200030633,CA du Caudrésis et du Catésis,CA,337.0,13.63,,15,6,9,60.0,17.80415430267062
59499,REXPOEDE,200040954,CC des Hauts de Flandre,CC,1976.0,7.34,,46,16,30,65.21739130434783,8.097165991902834
59500,RIBECOURT-LA-TOUR,200068500,CA de Cambrai,CA,380.0,8.36,,11,5,6,54.54545454545454,13.157894736842104
59501,RIEULAY,245901152,CA Coeur d'Ostrevent,CA,1261.0,16.12,,30,17,13,43.333333333333336,13.481363996827916
59502,RIEUX-EN-CAMBRESIS,200068500,CA de Cambrai,CA,1425.0,19.93,,39,22,17,43.58974358974359,15.43859649122807
59503,ROBERSART,200043321,CC du Pays de Mormal,CC,201.0,7.07,,3,1,2,66.66666666666666,4.975124378109452
59504,RŒULX,200042190,CA de la Porte du Hainaut,CA,3743.0,20.2,8720.0,74,24,50,67.56756756756756,6.411969008816458
59505,ROMBIES-ET-MARCHIPONT,245901160,CA Valenciennes Métropole,CA,741.0,7.48,,13,8,5,38.46153846153847,10.796221322537113
59506,ROMERIES,245901038,CC du Pays Solesmois,CC,471.0,12.25,,9,3,6,66.66666666666666,6.369426751592357
59507,RONCHIN,200093201,Métropole Européenne de Lille,METRO,19787.0,13.32,7480.0,560,249,311,55.53571428571429,12.584019810987012
59508,RONCQ,200093201,Métropole Européenne de Lille,METRO,14075.0,8.22,9760.0,556,239,317,57.014388489208635,16.980461811722915
59509,ROOST-WARENDIN,200044618,CA Douaisis Agglo,CA,5956.0,14.79,8740.0,148,64,84,56.75675675675676,10.745466756212222
59511,ROSULT,200042190,CA de la Porte du Hainaut,CA,2022.0,6.79,,50,23,27,54.0,11.374876360039567
59512,ROUBAIX,200093201,Métropole Européenne de Lille,METRO,98286.0,27.93,5460.0,5914,1967,3947,66.73993912749408,20.013023217955762
59513,ROUCOURT,200044618,CA Douaisis Agglo,CA,456.0,9.36,,5,4,1,20.0,8.771929824561402
59514,ROUSIES,200043396,CA Maubeuge Val de Sambre,CA,3980.0,16.86,7920.0,125,59,66,52.800000000000004,14.824120603015075
59515,ROUVIGNIES,245901160,CA Valenciennes Métropole,CA,655.0,16.62,,22,10,12,54.54545454545454,15.267175572519083
59516,RUBROUCK,200040947,CA Coeur de Flandre,CA,899.0,5.51,,19,12,7,36.84210526315789,13.348164627363737
59517,LES RUES-DES-VIGNES,200068500,CA de Cambrai,CA,737.0,11.7,,13,7,6,46.15384615384615,9.49796472184532
59518,RUESNES,200043321,CC du Pays de Mormal,CC,448.0,7.13,,8,4,4,50.0,8.928571428571429
59519,RUMEGIES,200042190,CA de la Porte du Hainaut,CA,1722.0,6.12,,56,21,35,62.5,12.195121951219512
59520,RUMILLY-EN-CAMBRESIS,200068500,CA de Cambrai,CA,1431.0,12.7,,29,9,20,68.96551724137932,6.289308176100628
59521,SAILLY-LEZ-CAMBRAI,200068500,CA de Cambrai,CA,409.0,11.96,,7,5,2,28.57142857142857,12.224938875305623
59522,SAILLY-LEZ-LANNOY,200093201,Métropole Européenne de Lille,METRO,1923.0,5.77,,41,18,23,56.09756097560976,9.360374414976599
59523,SAINGHIN-EN-MELANTOIS,200093201,Métropole Européenne de Lille,METRO,2840.0,5.96,9430.0,90,28,62,68.88888888888889,9.859154929577466
59524,SAINGHIN-EN-WEPPES,200093201,Métropole Européenne de Lille,METRO,5638.0,8.46,10260.0,128,42,86,67.1875,7.449450159631075
59525,SAINS-DU-NORD,200043263,CC Coeur de l'Avesnois,CC,2755.0,26.61,7070.0,83,30,53,63.85542168674698,10.88929219600726
59526,SAINT-AMAND-LES-EAUX,200042190,CA de la Porte du Hainaut,CA,15974.0,14.52,8120.0,641,271,370,57.72230889235569,16.96506823588331
59527,SAINT-ANDRE-LEZ-LILLE,200093201,Métropole Européenne de Lille,METRO,13233.0,10.26,8300.0,436,168,268,61.46788990825688,12.695533892541373
59528,SAINT-AUBERT,200030633,CA du Caudrésis et du Catésis,CA,1570.0,15.0,,47,23,24,51.06382978723404,14.64968152866242
59529,SAINT-AUBIN,200043263,CC Coeur de l'Avesnois,CC,328.0,7.84,,3,1,2,66.66666666666666,3.048780487804878
59530,SAINT-AYBERT,245901160,CA Valenciennes Métropole,CA,328.0,8.89,,6,2,4,66.66666666666666,6.097560975609756
59531,SAINT-BENIN,200030633,CA du Caudrésis et du Catésis,CA,343.0,15.76,,6,1,5,83.33333333333334,2.9154518950437316
59532,SAINT GEORGES SUR L'AA,245900428,CU de Dunkerque,CU,287.0,9.14,,5,2,3,60.0,6.968641114982579
59533,SAINT-HILAIRE-LEZ-CAMBRAI,200030633,CA du Caudrésis et du Catésis,CA,1558.0,14.18,,49,14,35,71.42857142857143,8.985879332477534
59534,SAINT-HILAIRE-SUR-HELPE,200043263,CC Coeur de l'Avesnois,CC,733.0,10.94,,18,9,9,50.0,12.278308321964529
59535,SAINT-JANS-CAPPEL,200040947,CA Coeur de Flandre,CA,1598.0,5.79,,55,21,34,61.81818181818181,13.141426783479348
59536,SAINTE-MARIE-CAPPEL,200040947,CA Coeur de Flandre,CA,825.0,4.36,,26,11,15,57.692307692307686,13.333333333333334
59537,SAINT-MARTIN-SUR-ECAILLON,245901038,CC du Pays Solesmois,CC,483.0,11.0,,7,3,4,57.14285714285714,6.211180124223603
59538,SAINT-MOMELIN,200040954,CC des Hauts de Flandre,CC,410.0,21.67,,7,2,5,71.42857142857143,4.878048780487805
59539,SAINT-PIERRE-BROUCK,200040954,CC des Hauts de Flandre,CC,989.0,7.95,,27,14,13,48.148148148148145,14.155712841253791
59541,SAINT-PYTHON,245901038,CC du Pays Solesmois,CC,978.0,14.32,,26,12,14,53.84615384615385,12.269938650306749
59542,SAINT-REMY-CHAUSSEE,200043396,CA Maubeuge Val de Sambre,CA,469.0,7.59,,9,5,4,44.44444444444444,10.660980810234543
59543,SAINT-REMY-DU-NORD,200043396,CA Maubeuge Val de Sambre,CA,1054.0,10.15,,24,10,14,58.333333333333336,9.487666034155597
59544,SAINT-SAULVE,245901160,CA Valenciennes Métropole,CA,10947.0,14.21,7660.0,285,112,173,60.70175438596491,10.231113547090528
59545,SAINT-SOUPLET,200030633,CA du Caudrésis et du Catésis,CA,1191.0,19.89,,42,17,25,59.523809523809526,14.273719563392106
59546,SAINT-SYLVESTRE-CAPPEL,200040947,CA Coeur de Flandre,CA,1144.0,8.08,,31,15,16,51.61290322580645,13.111888111888113
59547,SAINT-VAAST-EN-CAMBRESIS,200030633,CA du Caudrésis et du Catésis,CA,871.0,16.49,,15,5,10,66.66666666666666,5.7405281285878305
59548,SAINT-WAAST,200043321,CC du Pays de Mormal,CC,686.0,7.87,,10,9,1,10.0,13.119533527696792
59549,SALESCHES,200043321,CC du Pays de Mormal,CC,327.0,12.43,,7,5,2,28.57142857142857,15.290519877675841
59550,SALOME,200093201,Métropole Européenne de Lille,METRO,3182.0,9.09,8890.0,83,26,57,68.67469879518072,8.170961659333752
59551,SAMEON,200041960,CC Pévèle-Carembault,CC,1704.0,6.74,,35,9,26,74.28571428571429,5.281690140845071
59552,SANCOURT,200068500,CA de Cambrai,CA,190.0,11.11,,4,2,2,50.0,10.526315789473685
59553,SANTES,200093201,Métropole Européenne de Lille,METRO,5652.0,5.99,10090.0,139,63,76,54.67625899280576,11.146496815286623
59554,SARS-ET-ROSIERES,200042190,CA de la Porte du Hainaut,CA,620.0,6.42,,24,12,12,50.0,19.35483870967742
59555,SARS-POTERIES,200043263,CC Coeur de l'Avesnois,CC,1402.0,20.6,,50,24,26,52.0,17.118402282453637
59556,SASSEGNIES,200043396,CA Maubeuge Val de Sambre,CA,260.0,13.51,,9,1,8,88.88888888888889,3.846153846153846
59557,SAULTAIN,245901160,CA Valenciennes Métropole,CA,2499.0,8.97,8840.0,52,21,31,59.61538461538461,8.403361344537815
59558,SAULZOIR,245901038,CC du Pays Solesmois,CC,1672.0,12.74,,36,15,21,58.333333333333336,8.971291866028709
59559,SEBOURG,245901160,CA Valenciennes Métropole,CA,1967.0,5.82,,58,20,38,65.51724137931035,10.167768174885612
59560,SECLIN,200093201,Métropole Européenne de Lille,METRO,13261.0,13.47,8380.0,673,296,377,56.01783060921248,22.321091923685998
59562,SEMERIES,200043263,CC Coeur de l'Avesnois,CC,520.0,9.25,,17,7,10,58.82352941176471,13.461538461538462
59563,SEMOUSIES,200043263,CC Coeur de l'Avesnois,CC,227.0,7.69,,5,3,2,40.0,13.215859030837004
59564,LA SENTINELLE,200042190,CA de la Porte du Hainaut,CA,3103.0,20.8,7700.0,200,91,109,54.50000000000001,29.326458266194003
59565,SEPMERIES,200043321,CC du Pays de Mormal,CC,640.0,9.97,,11,9,2,18.181818181818183,14.0625
59566,SEQUEDIN,200093201,Métropole Européenne de Lille,METRO,4675.0,8.28,10570.0,119,62,57,47.89915966386555,13.262032085561497
59567,SERANVILLERS-FORENVILLE,200068500,CA de Cambrai,CA,416.0,13.16,,14,6,8,57.14285714285714,14.423076923076923
59568,SERCUS,200040947,CA Coeur de Flandre,CA,486.0,3.42,,8,1,7,87.5,2.05761316872428
59569,SIN-LE-NOBLE,200044618,CA Douaisis Agglo,CA,16076.0,20.84,7550.0,631,243,388,61.489698890649755,15.115700422990793
59570,SOCX,200040954,CC des Hauts de Flandre,CC,869.0,6.14,,49,23,26,53.06122448979592,26.467203682393556
59571,SOLESMES,245901038,CC du Pays Solesmois,CC,4142.0,23.41,8130.0,166,71,95,57.22891566265061,17.141477547078704
59572,SOLRE-LE-CHATEAU,200043263,CC Coeur de l'Avesnois,CC,1796.0,20.03,,49,21,28,57.14285714285714,11.692650334075724
59573,SOLRINNES,200043263,CC Coeur de l'Avesnois,CC,142.0,4.29,,9,4,5,55.55555555555556,28.169014084507044
59574,SOMAIN,245901152,CA Coeur d'Ostrevent,CA,11766.0,20.75,7750.0,423,164,259,61.22931442080378,13.938466768655449
59575,SOMMAING,245901038,CC du Pays Solesmois,CC,397.0,7.38,,8,4,4,50.0,10.075566750629722
59576,SPYCKER,245900428,CU de Dunkerque,CU,1718.0,6.55,,34,18,16,47.05882352941176,10.477299185098952
59577,STAPLE,200040947,CA Coeur de Flandre,CA,756.0,5.71,,26,14,12,46.15384615384615,18.51851851851852
59578,STEENBECQUE,200040947,CA Coeur de Flandre,CA,1602.0,8.6,,34,15,19,55.88235294117647,9.363295880149812
59579,STEENE,200040954,CC des Hauts de Flandre,CC,1405.0,8.83,,20,8,12,60.0,5.693950177935943
59580,STEENVOORDE,200040947,CA Coeur de Flandre,CA,4332.0,8.22,9940.0,125,59,66,52.800000000000004,13.619575253924285
59581,STEENWERCK,200040947,CA Coeur de Flandre,CA,3450.0,6.06,10190.0,89,36,53,59.55056179775281,10.434782608695652
59582,STRAZEELE,200040947,CA Coeur de Flandre,CA,942.0,7.98,,20,7,13,65.0,7.43099787685775
59583,TAISNIERES-EN-THIERACHE,200043263,CC Coeur de l'Avesnois,CC,475.0,11.78,,16,3,13,81.25,6.315789473684211
59584,TAISNIERES-SUR-HON,200043321,CC du Pays de Mormal,CC,963.0,6.85,,13,5,8,61.53846153846154,5.192107995846314
59585,TEMPLEMARS,200093201,Métropole Européenne de Lille,METRO,3669.0,9.51,9010.0,130,57,73,56.15384615384615,15.53556827473426
59586,TEMPLEUVE-EN-PEVELE,200041960,CC Pévèle-Carembault,CC,7202.0,7.03,8970.0,165,74,91,55.15151515151515,10.274923632324354
59587,TERDEGHEM,200040947,CA Coeur de Flandre,CA,519.0,3.89,,17,6,11,64.70588235294117,11.560693641618498
59588,TETEGHEM-COUDEKERQUE-VILLAGE,245900428,CU de Dunkerque,CU,8247.0,10.97,8210.0,186,74,112,60.215053763440864,8.97295986419304
59589,THIANT,200042190,CA de la Porte du Hainaut,CA,2914.0,13.87,9820.0,73,34,39,53.42465753424658,11.667810569663692
59590,THIENNES,200040947,CA Coeur de Flandre,CA,920.0,10.43,,21,10,11,52.38095238095239,10.869565217391305
59591,THIVENCELLE,245901160,CA Valenciennes Métropole,CA,817.0,20.63,,16,5,11,68.75,6.119951040391677
59592,THUMERIES,200041960,CC Pévèle-Carembault,CC,4170.0,8.29,9390.0,90,39,51,56.666666666666664,9.352517985611511
59593,THUN-L'EVEQUE,200068500,CA de Cambrai,CA,788.0,7.69,,16,8,8,50.0,10.152284263959391
59594,THUN-SAINT-AMAND,200042190,CA de la Porte du Hainaut,CA,1106.0,9.46,,21,10,11,52.38095238095239,9.041591320072332
59595,THUN-SAINT-MARTIN,200068500,CA de Cambrai,CA,543.0,10.16,,9,5,4,44.44444444444444,9.208103130755063
59596,TILLOY-LEZ-MARCHIENNES,245901152,CA Coeur d'Ostrevent,CA,536.0,5.31,,8,3,5,62.5,5.597014925373134
59597,TILLOY-LEZ-CAMBRAI,200068500,CA de Cambrai,CA,695.0,11.94,,30,13,17,56.666666666666664,18.705035971223023
59598,TOUFFLERS,200093201,Métropole Européenne de Lille,METRO,3957.0,7.71,9970.0,83,36,47,56.62650602409639,9.097801364670206
59599,TOURCOING,200093201,Métropole Européenne de Lille,METRO,98772.0,19.82,7010.0,3995,1518,2477,62.00250312891114,15.368727979589357
59600,TOURMIGNIES,200041960,CC Pévèle-Carembault,CC,936.0,7.32,,35,15,20,57.14285714285714,16.025641025641026
59601,TRELON,200043404,CC du Sud Avesnois,CC,2604.0,21.69,6710.0,83,36,47,56.62650602409639,13.824884792626728
59602,TRESSIN,200093201,Métropole Européenne de Lille,METRO,1386.0,8.0,,32,12,20,62.5,8.658008658008658
59603,TRITH-SAINT-LEGER,200042190,CA de la Porte du Hainaut,CA,6019.0,16.09,8510.0,156,68,88,56.41025641025641,11.297557733842831
59604,TROISVILLES,200030633,CA du Caudrésis et du Catésis,CA,805.0,14.87,,12,5,7,58.333333333333336,6.211180124223602
59605,UXEM,200040954,CC des Hauts de Flandre,CC,1518.0,5.42,,29,5,24,82.75862068965517,3.2938076416337285
59606,VALENCIENNES,245901160,CA Valenciennes Métropole,CA,43468.0,20.05,6640.0,2626,985,1641,62.49047981721249,22.660347842090733
59607,VENDEGIES-AU-BOIS,200043321,CC du Pays de Mormal,CC,482.0,7.28,,14,7,7,50.0,14.522821576763485
59608,VENDEGIES-SUR-ECAILLON,245901038,CC du Pays Solesmois,CC,1123.0,9.52,,30,11,19,63.33333333333333,9.795191451469279
59609,VENDEVILLE,200093201,Métropole Européenne de Lille,METRO,1654.0,7.74,,48,14,34,70.83333333333334,8.464328899637243
59610,VERCHAIN-MAUGRE,245901160,CA Valenciennes Métropole,CA,1103.0,11.66,,19,7,12,63.1578947368421,6.346328195829556
59611,VERLINGHEM,200093201,Métropole Européenne de Lille,METRO,2682.0,7.12,8260.0,55,23,32,58.18181818181818,8.575689783743476
59612,VERTAIN,245901038,CC du Pays Solesmois,CC,535.0,15.11,,6,4,2,33.33333333333333,7.4766355140186915
59613,VICQ,245901160,CA Valenciennes Métropole,CA,1464.0,13.28,,44,20,24,54.54545454545454,13.66120218579235
59614,VIESLY,245901038,CC du Pays Solesmois,CC,1364.0,21.75,,43,18,25,58.139534883720934,13.196480938416421
59615,VIEUX-BERQUIN,200040947,CA Coeur de Flandre,CA,2628.0,7.06,9550.0,66,35,31,46.96969696969697,13.318112633181126
59616,VIEUX-CONDE,245901160,CA Valenciennes Métropole,CA,10617.0,22.18,7860.0,222,99,123,55.4054054054054,9.324667985306583
59617,VIEUX-MESNIL,200043396,CA Maubeuge Val de Sambre,CA,641.0,11.87,,10,6,4,40.0,9.360374414976599
59618,VIEUX-RENG,200043396,CA Maubeuge Val de Sambre,CA,938.0,11.09,,18,9,9,50.0,9.594882729211088
59619,VILLEREAU,200043321,CC du Pays de Mormal,CC,1084.0,8.84,,28,15,13,46.42857142857143,13.837638376383763
59620,VILLERS-AU-TERTRE,200044618,CA Douaisis Agglo,CA,670.0,7.89,,16,6,10,62.5,8.955223880597014
59622,VILLERS-EN-CAUCHIES,200068500,CA de Cambrai,CA,1151.0,13.97,,17,6,11,64.70588235294117,5.2128583840139004
59623,VILLERS-GUISLAIN,200068500,CA de Cambrai,CA,684.0,15.8,,17,8,9,52.94117647058824,11.695906432748536
59624,VILLERS-OUTREAUX,200030633,CA du Caudrésis et du Catésis,CA,2117.0,23.54,9190.0,84,35,49,58.333333333333336,16.532829475673122
59625,VILLERS-PLOUICH,200068500,CA de Cambrai,CA,390.0,8.12,,9,3,6,66.66666666666666,7.692307692307692
59626,VILLERS-POL,200043321,CC du Pays de Mormal,CC,1197.0,6.22,,26,10,16,61.53846153846154,8.35421888053467
59627,VILLERS-SIRE-NICOLE,200043396,CA Maubeuge Val de Sambre,CA,1009.0,9.26,,24,16,8,33.33333333333333,15.857284440039646
59628,VOLCKERINCKHOVE,200040954,CC des Hauts de Flandre,CC,573.0,10.03,,10,4,6,60.0,6.980802792321118
59629,VRED,245901152,CA Coeur d'Ostrevent,CA,1302.0,10.28,,30,17,13,43.333333333333336,13.056835637480798
59630,WAHAGNIES,200041960,CC Pévèle-Carembault,CC,2613.0,10.07,9520.0,67,29,38,56.71641791044776,11.098354381936472
59631,WALINCOURT-SELVIGNY,200030633,CA du Caudrésis et du Catésis,CA,2081.0,18.86,8390.0,85,39,46,54.11764705882353,18.740989908697742
59632,WALLERS,200042190,CA de la Porte du Hainaut,CA,5633.0,17.69,8970.0,144,71,73,50.69444444444444,12.604296112195987
59633,WALLERS-EN-FAGNE,200043404,CC du Sud Avesnois,CC,284.0,10.39,,6,2,4,66.66666666666666,7.042253521126761
59634,WALLON-CAPPEL,200040947,CA Coeur de Flandre,CA,808.0,4.88,,21,7,14,66.66666666666666,8.663366336633663
59635,WAMBAIX,200068500,CA de Cambrai,CA,381.0,9.59,,11,6,5,45.45454545454545,15.748031496062993
59636,WAMBRECHIES,200093201,Métropole Européenne de Lille,METRO,11012.0,7.72,9560.0,382,147,235,61.518324607329845,13.349073737740646
59637,WANDIGNIES-HAMAGE,245901152,CA Coeur d'Ostrevent,CA,1301.0,6.86,,27,8,19,70.37037037037037,6.149116064565719
59638,WANNEHAIN,200041960,CC Pévèle-Carembault,CC,1338.0,6.94,,25,13,12,48.0,9.715994020926756
59639,WARGNIES-LE-GRAND,200043321,CC du Pays de Mormal,CC,1125.0,8.8,,20,9,11,55.00000000000001,8.0
59640,WARGNIES-LE-PETIT,200043321,CC du Pays de Mormal,CC,771.0,7.37,,17,6,11,64.70588235294117,7.782101167315175
59641,WARHEM,200040954,CC des Hauts de Flandre,CC,2020.0,6.47,,45,11,34,75.55555555555556,5.445544554455446
59642,WARLAING,245901152,CA Coeur d'Ostrevent,CA,603.0,5.11,,14,4,10,71.42857142857143,6.633499170812604
59643,WARNETON,200093201,Métropole Européenne de Lille,METRO,231.0,4.59,,12,6,6,50.0,25.974025974025974
59645,WASNES-AU-BAC,200042190,CA de la Porte du Hainaut,CA,604.0,13.83,,14,5,9,64.28571428571429,8.27814569536424
59646,WASQUEHAL,200093201,Métropole Européenne de Lille,METRO,20726.0,10.29,8680.0,725,309,416,57.37931034482758,14.908810190099393
59647,WATTEN,200040954,CC des Hauts de Flandre,CC,2564.0,14.55,9430.0,91,34,57,62.637362637362635,13.260530421216849
59648,WATTIGNIES,200093201,Métropole Européenne de Lille,METRO,15525.0,14.79,7700.0,476,190,286,60.08403361344538,12.238325281803542
59649,WATTIGNIES-LA-VICTOIRE,200043263,CC Coeur de l'Avesnois,CC,240.0,7.08,,8,3,5,62.5,12.5
59650,WATTRELOS,200093201,Métropole Européenne de Lille,METRO,40847.0,17.1,8320.0,1217,480,737,60.558751027115854,11.75116899649913
59651,WAVRECHAIN-SOUS-DENAIN,200042190,CA de la Porte du Hainaut,CA,1599.0,24.94,,47,24,23,48.93617021276596,15.0093808630394
59652,WAVRECHAIN-SOUS-FAULX,200042190,CA de la Porte du Hainaut,CA,440.0,13.16,,5,3,2,40.0,6.818181818181818
59653,WAVRIN,200093201,Métropole Européenne de Lille,METRO,7758.0,11.03,8690.0,192,90,102,53.125,11.600928074245939
59654,WAZIERS,200044618,CA Douaisis Agglo,CA,7266.0,26.87,7130.0,304,146,158,51.973684210526315,20.093586567575006
59655,WEMAERS-CAPPEL,200040947,CA Coeur de Flandre,CA,225.0,5.83,,6,2,4,66.66666666666666,8.88888888888889
59656,WERVICQ-SUD,200093201,Métropole Européenne de Lille,METRO,5426.0,12.41,8810.0,161,66,95,59.006211180124225,12.163656468853667
59657,WEST-CAPPEL,200040954,CC des Hauts de Flandre,CC,644.0,5.87,,16,9,7,43.75,13.975155279503106
59658,WICRES,200093201,Métropole Européenne de Lille,METRO,581.0,7.63,,12,8,4,33.33333333333333,13.769363166953529
59659,WIGNEHIES,200043404,CC du Sud Avesnois,CC,2804.0,21.24,6100.0,92,34,58,63.04347826086957,12.125534950071328
59660,WILLEMS,200093201,Métropole Européenne de Lille,METRO,2941.0,8.66,9710.0,70,29,41,58.57142857142858,9.86059163549813
59661,WILLIES,200043404,CC du Sud Avesnois,CC,128.0,15.38,,1,0,1,100.0,0.0
59662,WINNEZEELE,200040947,CA Coeur de Flandre,CA,1261.0,6.75,,20,11,9,45.0,8.72323552735924
59663,WORMHOUT,200040954,CC des Hauts de Flandre,CC,5584.0,10.23,10270.0,193,80,113,58.549222797927456,14.326647564469916
59664,WULVERDINGHE,200040954,CC des Hauts de Flandre,CC,334.0,6.3,,6,1,5,83.33333333333334,2.994011976047904
59665,WYLDER,200040954,CC des Hauts de Flandre,CC,298.0,10.56,,5,2,3,60.0,6.7114093959731544
59666,ZEGERSCAPPEL,200040954,CC des Hauts de Flandre,CC,1562.0,10.35,,46,20,26,56.52173913043478,12.804097311139564
59667,ZERMEZEELE,200040947,CA Coeur de Flandre,CA,252.0,7.58,,3,2,1,33.33333333333333,7.936507936507937
59668,ZUYDCOOTE,245900428,CU de Dunkerque,CU,1630.0,9.85,,28,15,13,46.42857142857143,9.202453987730062
59669,ZUYTPEENE,200040947,CA Coeur de Flandre,CA,557.0,7.59,,12,5,7,58.333333333333336,8.97666068222621
59670,DON,200093201,Métropole Européenne de Lille,METRO,1387.0,7.22,,31,15,16,51.61290322580645,10.814708002883922
