code_commune,nom_commune,epci_nom,categorie_priorite,score_fragilite,nb_commerces_manquants,liste_manquants
59001,ABANCOURT,CA de Cambrai,Priorité B,43.23,7,"Boulangerie, Épicerie, Pharmacie, Boucherie, Tabac-Presse, Coiffeur, Bar-Café"
59002,ABSCON,CA de la Porte du Hainaut,Priorité B,51.63,5,"Boulangerie, Boucherie, Tabac-Presse, Coiffeur, Bar-Café"
59003,AIBES,CA Maubeuge Val de Sambre,Priorité A,57.74,7,"Boulangerie, Épicerie, Pharmacie, Boucherie, Tabac-Presse, Coiffeur, Bar-Café"
59006,AMFROIPRET,CC du Pays de Mormal,Priorité B,48.78,7,"Boulangerie, Épicerie, Pharmacie, Boucherie, Tabac-Presse, Coiffeur, Bar-Café"
59007,ANHIERS,CA Douaisis Agglo,Priorité B,51.81,6,"Boulangerie, Pharmacie, Boucherie, Tabac-Presse, Coiffeur, Bar-Café"
59009,VILLENEUVE-D'ASCQ,Métropole Européenne de Lille,Priorité B,50.35,2,"Coiffeur, Bar-Café"
59014,ANZIN,CA Valenciennes Métropole,Priorité B,56.02,2,"Coiffeur, Bar-Café"
59024,AUBERCHICOURT,CA Coeur d'Ostrevent,Priorité B,50.25,5,"Boulangerie, Épicerie, Boucherie, Coiffeur, Bar-Café"
59028,AUBY,CA Douaisis Agglo,Priorité B,54.4,4,"Boulangerie, Tabac-Presse, Coiffeur, Bar-Café"
59035,AVESNELLES,CC Coeur de l'Avesnois,Priorité B,50.49,4,"Boulangerie, Tabac-Presse, Coiffeur, Bar-Café"
59036,AVESNES-SUR-HELPE,CC Coeur de l'Avesnois,Priorité A,62.28,4,"Boulangerie, Épicerie, Coiffeur, Bar-Café"
59038,AVESNES-LE-SEC,CA de la Porte du Hainaut,Priorité B,46.24,5,"Boulangerie, Boucherie, Tabac-Presse, Coiffeur, Bar-Café"
59039,AWOINGT,CA de Cambrai,Priorité B,43.06,7,"Boulangerie, Épicerie, Pharmacie, Boucherie, Tabac-Presse, Coiffeur, Bar-Café"
59042,BACHY,CC Pévèle-Carembault,Priorité B,39.32,7,"Boulangerie, Épicerie, Pharmacie, Boucherie, Tabac-Presse, Coiffeur, Bar-Café"
59046,BAMBECQUE,CC des Hauts de Flandre,Priorité B,50.81,6,"Boulangerie, Épicerie, Pharmacie, Tabac-Presse, Coiffeur, Bar-Café"
59048,BANTIGNY,CA de Cambrai,Priorité B,44.97,7,"Boulangerie, Épicerie, Pharmacie, Boucherie, Tabac-Presse, Coiffeur, Bar-Café"
59049,BANTOUZELLE,CA de Cambrai,Priorité B,51.84,7,"Boulangerie, Épicerie, Pharmacie, Boucherie, Tabac-Presse, Coiffeur, Bar-Café"
59050,BAS-LIEU,CC Coeur de l'Avesnois,Priorité A,61.28,7,"Boulangerie, Épicerie, Pharmacie, Boucherie, Tabac-Presse, Coiffeur, Bar-Café"
59054,BAVINCHOVE,CA Coeur de Flandre,Priorité B,47.74,6,"Boulangerie, Épicerie, Pharmacie, Tabac-Presse, Coiffeur, Bar-Café"
59055,BAZUEL,CA du Caudrésis et du Catésis,Priorité B,51.87,7,"Boulangerie, Épicerie, Pharmacie, Boucherie, Tabac-Presse, Coiffeur, Bar-Café"
59059,BEAUMONT-EN-CAMBRESIS,CA du Caudrésis et du Catésis,Priorité B,52.22,7,"Boulangerie, Épicerie, Pharmacie, Boucherie, Tabac-Presse, Coiffeur, Bar-Café"
59069,BERMERAIN,CC du Pays Solesmois,Priorité B,50.67,6,"Boulangerie, Épicerie, Pharmacie, Tabac-Presse, Coiffeur, Bar-Café"
59071,BERSEE,CC Pévèle-Carembault,Priorité B,45.6,5,"Boulangerie, Boucherie, Tabac-Presse, Coiffeur, Bar-Café"
59076,BETTIGNIES,CA Maubeuge Val de Sambre,Priorité B,55.89,7,"Boulangerie, Épicerie, Pharmacie, Boucherie, Tabac-Presse, Coiffeur, Bar-Café"
59079,BEUVRAGES,CA Valenciennes Métropole,Priorité B,57.99,3,"Tabac-Presse, Coiffeur, Bar-Café"
59083,BISSEZEELE,CC des Hauts de Flandre,Priorité B,38.3,7,"Boulangerie, Épicerie, Pharmacie, Boucherie, Tabac-Presse, Coiffeur, Bar-Café"
59085,BLECOURT,CA de Cambrai,Priorité B,49.21,7,"Boulangerie, Épicerie, Pharmacie, Boucherie, Tabac-Presse, Coiffeur, Bar-Café"
59087,BOESEGHEM,CA Coeur de Flandre,Priorité B,45.74,7,"Boulangerie, Épicerie, Pharmacie, Boucherie, Tabac-Presse, Coiffeur, Bar-Café"
59093,BOULOGNE-SUR-HELPE,CC Coeur de l'Avesnois,Priorité B,51.54,7,"Boulangerie, Épicerie, Pharmacie, Boucherie, Tabac-Presse, Coiffeur, Bar-Café"
59100,BOUSIGNIES,CA de la Porte du Hainaut,Priorité B,49.83,7,"Boulangerie, Épicerie, Pharmacie, Boucherie, Tabac-Presse, Coiffeur, Bar-Café"
59101,BOUSIGNIES-SUR-ROC,CA Maubeuge Val de Sambre,Priorité B,49.69,6,"Boulangerie, Épicerie, Pharmacie, Tabac-Presse, Coiffeur, Bar-Café"
59103,BOUSSIERES-SUR-SAMBRE,CA Maubeuge Val de Sambre,Priorité B,46.84,7,"Boulangerie, Épicerie, Pharmacie, Boucherie, Tabac-Presse, Coiffeur, Bar-Café"
59105,BOUVIGNIES,CC Pévèle-Carembault,Priorité B,42.93,7,"Boulangerie, Épicerie, Pharmacie, Boucherie, Tabac-Presse, Coiffeur, Bar-Café"
59108,BRIASTRE,CA du Caudrésis et du Catésis,Priorité B,49.73,6,"Boulangerie, Pharmacie, Boucherie, Tabac-Presse, Coiffeur, Bar-Café"
59110,BROUCKERQUE,CC des Hauts de Flandre,Priorité B,44.13,6,"Boulangerie, Épicerie, Pharmacie, Tabac-Presse, Coiffeur, Bar-Café"
59112,BRUAY-SUR-L'ESCAUT,CA Valenciennes Métropole,Priorité B,50.78,3,"Tabac-Presse, Coiffeur, Bar-Café"
59113,BRUILLE-LEZ-MARCHIENNES,CA Coeur d'Ostrevent,Priorité B,51.65,7,"Boulangerie, Épicerie, Pharmacie, Boucherie, Tabac-Presse, Coiffeur, Bar-Café"
59114,BRUILLE-SAINT-AMAND,CA de la Porte du Hainaut,Priorité B,45.16,5,"Boulangerie, Épicerie, Tabac-Presse, Coiffeur, Bar-Café"
59116,BRY,CC du Pays de Mormal,Priorité B,49.49,7,"Boulangerie, Épicerie, Pharmacie, Boucherie, Tabac-Presse, Coiffeur, Bar-Café"
59118,BUSIGNY,CA du Caudrésis et du Catésis,Priorité B,53.2,5,"Boulangerie, Boucherie, Tabac-Presse, Coiffeur, Bar-Café"
59122,CAMBRAI,CA de Cambrai,Priorité B,50.88,2,"Coiffeur, Bar-Café"
59125,CANTAING-SUR-ESCAUT,CA de Cambrai,Priorité B,43.83,7,"Boulangerie, Épicerie, Pharmacie, Boucherie, Tabac-Presse, Coiffeur, Bar-Café"
59126,CANTIN,CA Douaisis Agglo,Priorité B,49.36,5,"Boulangerie, Boucherie, Tabac-Presse, Coiffeur, Bar-Café"
59136,LE CATEAU-CAMBRESIS,CA du Caudrésis et du Catésis,Priorité B,54.77,3,"Boulangerie, Coiffeur, Bar-Café"
59139,CAUDRY,CA du Caudrésis et du Catésis,Priorité B,53.54,2,"Coiffeur, Bar-Café"
59142,CERFONTAINE,CA Maubeuge Val de Sambre,Priorité B,46.48,7,"Boulangerie, Épicerie, Pharmacie, Boucherie, Tabac-Presse, Coiffeur, Bar-Café"
59148,CLAIRFAYTS,CC Coeur de l'Avesnois,Priorité B,50.05,7,"Boulangerie, Épicerie, Pharmacie, Boucherie, Tabac-Presse, Coiffeur, Bar-Café"
59151,COLLERET,CA Maubeuge Val de Sambre,Priorité B,45.87,7,"Boulangerie, Épicerie, Pharmacie, Boucherie, Tabac-Presse, Coiffeur, Bar-Café"
59153,CONDE-SUR-L'ESCAUT,CA Valenciennes Métropole,Priorité B,56.47,3,"Boulangerie, Coiffeur, Bar-Café"
59160,CRESPIN,CA Valenciennes Métropole,Priorité B,52.05,6,"Boulangerie, Épicerie, Boucherie, Tabac-Presse, Coiffeur, Bar-Café"
59164,CROIX-CALUYAU,CC du Pays de Mormal,Priorité B,48.91,7,"Boulangerie, Épicerie, Pharmacie, Boucherie, Tabac-Presse, Coiffeur, Bar-Café"
59171,DEHERIES,CA du Caudrésis et du Catésis,Priorité A,50.12,7,"Boulangerie, Épicerie, Pharmacie, Boucherie, Tabac-Presse, Coiffeur, Bar-Café"
59172,DENAIN,CA de la Porte du Hainaut,Priorité B,52.94,3,"Tabac-Presse, Coiffeur, Bar-Café"
59178,DOUAI,CA Douaisis Agglo,Priorité B,56.65,2,"Coiffeur, Bar-Café"
59182,DRINCHAM,CC des Hauts de Flandre,Priorité B,53.19,7,"Boulangerie, Épicerie, Pharmacie, Boucherie, Tabac-Presse, Coiffeur, Bar-Café"
59183,DUNKERQUE,CU de Dunkerque,Priorité B,55.55,2,"Coiffeur, Bar-Café"
59184,EBBLINGHEM,CA Coeur de Flandre,Priorité B,40.9,7,"Boulangerie, Épicerie, Pharmacie, Boucherie, Tabac-Presse, Coiffeur, Bar-Café"
59186,ECCLES,CC Coeur de l'Avesnois,Priorité A,53.46,7,"Boulangerie, Épicerie, Pharmacie, Boucherie, Tabac-Presse, Coiffeur, Bar-Café"
59187,ECLAIBES,CA Maubeuge Val de Sambre,Priorité B,42.58,7,"Boulangerie, Épicerie, Pharmacie, Boucherie, Tabac-Presse, Coiffeur, Bar-Café"
59188,ECUELIN,CA Maubeuge Val de Sambre,Priorité B,48.55,7,"Boulangerie, Épicerie, Pharmacie, Boucherie, Tabac-Presse, Coiffeur, Bar-Café"
59193,EMMERIN,Métropole Européenne de Lille,Priorité B,41.57,5,"Boulangerie, Boucherie, Tabac-Presse, Coiffeur, Bar-Café"
59199,ERCHIN,CA Douaisis Agglo,Priorité B,46.51,7,"Boulangerie, Épicerie, Pharmacie, Boucherie, Tabac-Presse, Coiffeur, Bar-Café"
59200,ERINGHEM,CC des Hauts de Flandre,Priorité B,46.7,7,"Boulangerie, Épicerie, Pharmacie, Boucherie, Tabac-Presse, Coiffeur, Bar-Café"
59201,ERQUINGHEM-LE-SEC,Métropole Européenne de Lille,Priorité B,43.89,7,"Boulangerie, Épicerie, Pharmacie, Boucherie, Tabac-Presse, Coiffeur, Bar-Café"
59204,ESCARMAIN,CC du Pays Solesmois,Priorité B,47.25,7,"Boulangerie, Épicerie, Pharmacie, Boucherie, Tabac-Presse, Coiffeur, Bar-Café"
59207,ESCAUTPONT,CA de la Porte du Hainaut,Priorité B,54.53,4,"Boulangerie, Boucherie, Coiffeur, Bar-Café"
59208,ESCOBECQUES,Métropole Européenne de Lille,Priorité B,42.62,7,"Boulangerie, Épicerie, Pharmacie, Boucherie, Tabac-Presse, Coiffeur, Bar-Café"
59209,ESNES,CA de Cambrai,Priorité B,55.02,7,"Boulangerie, Épicerie, Pharmacie, Boucherie, Tabac-Presse, Coiffeur, Bar-Café"
59213,ESTOURMEL,CA du Caudrésis et du Catésis,Priorité B,46.56,7,"Boulangerie, Épicerie, Pharmacie, Boucherie, Tabac-Presse, Coiffeur, Bar-Café"
59214,ESTREES,CA Douaisis Agglo,Priorité B,45.85,6,"Boulangerie, Pharmacie, Boucherie, Tabac-Presse, Coiffeur, Bar-Café"
59216,ESWARS,CA de Cambrai,Priorité B,48.95,7,"Boulangerie, Épicerie, Pharmacie, Boucherie, Tabac-Presse, Coiffeur, Bar-Café"
59217,ETH,CC du Pays de Mormal,Priorité B,43.36,7,"Boulangerie, Épicerie, Pharmacie, Boucherie, Tabac-Presse, Coiffeur, Bar-Café"
59222,FAUMONT,CA Douaisis Agglo,Priorité B,45.96,6,"Boulangerie, Épicerie, Pharmacie, Tabac-Presse, Coiffeur, Bar-Café"
59231,FERRIERE-LA-PETITE,CA Maubeuge Val de Sambre,Priorité B,47.85,7,"Boulangerie, Épicerie, Pharmacie, Boucherie, Tabac-Presse, Coiffeur, Bar-Café"
59232,LA FLAMENGRIE,CC du Pays de Mormal,Priorité B,46.15,7,"Boulangerie, Épicerie, Pharmacie, Boucherie, Tabac-Presse, Coiffeur, Bar-Café"
59233,FLAUMONT-WAUDRECHIES,CC Coeur de l'Avesnois,Priorité B,55.12,7,"Boulangerie, Épicerie, Pharmacie, Boucherie, Tabac-Presse, Coiffeur, Bar-Café"
59238,FLINES-LES-MORTAGNE,CA de la Porte du Hainaut,Priorité B,46.3,6,"Boulangerie, Épicerie, Boucherie, Tabac-Presse, Coiffeur, Bar-Café"
59247,FOREST-SUR-MARQUE,Métropole Européenne de Lille,Priorité B,47.16,5,"Boulangerie, Épicerie, Tabac-Presse, Coiffeur, Bar-Café"
59249,FOURMIES,CC du Sud Avesnois,Priorité B,54.51,3,"Boulangerie, Coiffeur, Bar-Café"
59253,FRESNES-SUR-ESCAUT,CA Valenciennes Métropole,Priorité B,50.81,3,"Tabac-Presse, Coiffeur, Bar-Café"
59259,GHISSIGNIES,CC du Pays de Mormal,Priorité B,50.56,7,"Boulangerie, Épicerie, Pharmacie, Boucherie, Tabac-Presse, Coiffeur, Bar-Café"
59263,GŒULZIN,CA Douaisis Agglo,Priorité B,43.8,7,"Boulangerie, Épicerie, Pharmacie, Boucherie, Tabac-Presse, Coiffeur, Bar-Café"
59264,GOGNIES-CHAUSSEE,CA Maubeuge Val de Sambre,Priorité B,49.53,7,"Boulangerie, Épicerie, Pharmacie, Boucherie, Tabac-Presse, Coiffeur, Bar-Café"
59271,GRANDE-SYNTHE,CU de Dunkerque,Priorité B,55.93,2,"Coiffeur, Bar-Café"
59276,GUESNAIN,CA Douaisis Agglo,Priorité B,51.66,3,"Tabac-Presse, Coiffeur, Bar-Café"
59287,HAUCOURT-EN-CAMBRESIS,CA du Caudrésis et du Catésis,Priorité B,49.2,7,"Boulangerie, Épicerie, Pharmacie, Boucherie, Tabac-Presse, Coiffeur, Bar-Café"
59291,HAUTMONT,CA Maubeuge Val de Sambre,Priorité B,55.83,3,"Tabac-Presse, Coiffeur, Bar-Café"
59292,HAVELUY,CA de la Porte du Hainaut,Priorité B,54.39,5,"Boulangerie, Boucherie, Tabac-Presse, Coiffeur, Bar-Café"
59296,HECQ,CC du Pays de Mormal,Priorité B,52.73,7,"Boulangerie, Épicerie, Pharmacie, Boucherie, Tabac-Presse, Coiffeur, Bar-Café"
59297,HELESMES,CA de la Porte du Hainaut,Priorité B,44.18,5,"Boulangerie, Boucherie, Tabac-Presse, Coiffeur, Bar-Café"
59299,HEM,Métropole Européenne de Lille,Priorité B,50.15,2,"Coiffeur, Bar-Café"
59300,HEM-LENGLET,CA de Cambrai,Priorité B,52.96,7,"Boulangerie, Épicerie, Pharmacie, Boucherie, Tabac-Presse, Coiffeur, Bar-Café"
59310,HON-HERGIES,CC du Pays de Mormal,Priorité B,45.59,7,"Boulangerie, Épicerie, Pharmacie, Boucherie, Tabac-Presse, Coiffeur, Bar-Café"
59315,HOUDAIN-LEZ-BAVAY,CC du Pays de Mormal,Priorité B,42.28,7,"Boulangerie, Épicerie, Pharmacie, Boucherie, Tabac-Presse, Coiffeur, Bar-Café"
59318,HOUTKERQUE,CA Coeur de Flandre,Priorité B,43.96,7,"Boulangerie, Épicerie, Pharmacie, Boucherie, Tabac-Presse, Coiffeur, Bar-Café"
59321,INCHY,CA du Caudrésis et du Catésis,Priorité B,51.66,5,"Boulangerie, Pharmacie, Tabac-Presse, Coiffeur, Bar-Café"
59324,JEUMONT,CA Maubeuge Val de Sambre,Priorité B,54.64,2,"Coiffeur, Bar-Café"
59327,LALLAING,CA Douaisis Agglo,Priorité B,51.68,3,"Boulangerie, Coiffeur, Bar-Café"
59334,LAUWIN-PLANQUE,CA Douaisis Agglo,Priorité B,45.13,5,"Boulangerie, Épicerie, Tabac-Presse, Coiffeur, Bar-Café"
59338,LEDRINGHEM,CC des Hauts de Flandre,Priorité B,43.01,7,"Boulangerie, Épicerie, Pharmacie, Boucherie, Tabac-Presse, Coiffeur, Bar-Café"
59340,LEFFRINCKOUCKE,CU de Dunkerque,Priorité B,47.15,5,"Boulangerie, Épicerie, Tabac-Presse, Coiffeur, Bar-Café"
59341,LESDAIN,CA de Cambrai,Priorité A,56.8,7,"Boulangerie, Épicerie, Pharmacie, Boucherie, Tabac-Presse, Coiffeur, Bar-Café"
59342,LEZ-FONTAINE,CC Coeur de l'Avesnois,Priorité A,56.93,7,"Boulangerie, Épicerie, Pharmacie, Boucherie, Tabac-Presse, Coiffeur, Bar-Café"
59345,LEWARDE,CA Coeur d'Ostrevent,Priorité B,54.06,4,"Boucherie, Tabac-Presse, Coiffeur, Bar-Café"
59347,LIESSIES,CC Coeur de l'Avesnois,Priorité B,47.19,7,"Boulangerie, Épicerie, Pharmacie, Boucherie, Tabac-Presse, Coiffeur, Bar-Café"
59350,LILLE,Métropole Européenne de Lille,Priorité A,71.36,2,"Coiffeur, Bar-Café"
59351,LIMONT-FONTAINE,CA Maubeuge Val de Sambre,Priorité B,49.23,7,"Boulangerie, Épicerie, Pharmacie, Boucherie, Tabac-Presse, Coiffeur, Bar-Café"
59360,LOOS,Métropole Européenne de Lille,Priorité B,50.12,3,"Tabac-Presse, Coiffeur, Bar-Café"
59361,LOURCHES,CA de la Porte du Hainaut,Priorité B,51.76,3,"Tabac-Presse, Coiffeur, Bar-Café"
59365,LOUVROIL,CA Maubeuge Val de Sambre,Priorité B,56.99,3,"Tabac-Presse, Coiffeur, Bar-Café"
59366,LYNDE,CA Coeur de Flandre,Priorité B,37.13,7,"Boulangerie, Épicerie, Pharmacie, Boucherie, Tabac-Presse, Coiffeur, Bar-Café"
59369,MAING,CA Valenciennes Métropole,Priorité B,46.38,4,"Boulangerie, Tabac-Presse, Coiffeur, Bar-Café"
59382,MARETZ,CA du Caudrésis et du Catésis,Priorité B,50.21,5,"Boulangerie, Pharmacie, Tabac-Presse, Coiffeur, Bar-Café"
59383,MARLY,CA Valenciennes Métropole,Priorité B,52.69,3,"Épicerie, Coiffeur, Bar-Café"
59390,MASNY,CA Coeur d'Ostrevent,Priorité B,51.02,5,"Boulangerie, Boucherie, Tabac-Presse, Coiffeur, Bar-Café"
59391,MASTAING,CA de la Porte du Hainaut,Priorité B,47.59,7,"Boulangerie, Épicerie, Pharmacie, Boucherie, Tabac-Presse, Coiffeur, Bar-Café"
59392,MAUBEUGE,CA Maubeuge Val de Sambre,Priorité B,58.76,2,"Coiffeur, Bar-Café"
59394,MAUROIS,CA du Caudrésis et du Catésis,Priorité A,61.4,7,"Boulangerie, Épicerie, Pharmacie, Boucherie, Tabac-Presse, Coiffeur, Bar-Café"
59397,MERCKEGHEM,CC des Hauts de Flandre,Priorité B,47.75,7,"Boulangerie, Épicerie, Pharmacie, Boucherie, Tabac-Presse, Coiffeur, Bar-Café"
59399,MERRIS,CA Coeur de Flandre,Priorité B,47.11,6,"Boulangerie, Pharmacie, Boucherie, Tabac-Presse, Coiffeur, Bar-Café"
59407,MONCHAUX-SUR-ECAILLON,CA Valenciennes Métropole,Priorité B,40.64,7,"Boulangerie, Épicerie, Pharmacie, Boucherie, Tabac-Presse, Coiffeur, Bar-Café"
59408,MONCHEAUX,CC Pévèle-Carembault,Priorité B,42.47,6,"Boulangerie, Épicerie, Pharmacie, Tabac-Presse, Coiffeur, Bar-Café"
59409,MONCHECOURT,CA Coeur d'Ostrevent,Priorité B,49.49,6,"Boulangerie, Épicerie, Boucherie, Tabac-Presse, Coiffeur, Bar-Café"
59415,MONTRECOURT,CC du Pays Solesmois,Priorité B,46.81,7,"Boulangerie, Épicerie, Pharmacie, Boucherie, Tabac-Presse, Coiffeur, Bar-Café"
59418,MORTAGNE-DU-NORD,CA de la Porte du Hainaut,Priorité B,50.05,6,"Boulangerie, Épicerie, Boucherie, Tabac-Presse, Coiffeur, Bar-Café"
59419,MOUCHIN,CC Pévèle-Carembault,Priorité B,46.63,6,"Boulangerie, Épicerie, Boucherie, Tabac-Presse, Coiffeur, Bar-Café"
59424,NEUF-MESNIL,CA Maubeuge Val de Sambre,Priorité B,50.23,6,"Boulangerie, Épicerie, Boucherie, Tabac-Presse, Coiffeur, Bar-Café"
59428,NEUVILLE-SAINT-REMY,CA de Cambrai,Priorité B,51.74,5,"Boulangerie, Boucherie, Tabac-Presse, Coiffeur, Bar-Café"
59429,NEUVILLE-SUR-ESCAUT,CA de la Porte du Hainaut,Priorité B,49.6,5,"Boulangerie, Boucherie, Tabac-Presse, Coiffeur, Bar-Café"
59435,NOMAIN,CC Pévèle-Carembault,Priorité B,46.2,5,"Boulangerie, Épicerie, Tabac-Presse, Coiffeur, Bar-Café"
59437,NOYELLES-LES-SECLIN,Métropole Européenne de Lille,Priorité B,45.62,6,"Boulangerie, Pharmacie, Boucherie, Tabac-Presse, Coiffeur, Bar-Café"
59439,NOYELLES-SUR-SAMBRE,CA Maubeuge Val de Sambre,Priorité A,58.0,7,"Boulangerie, Épicerie, Pharmacie, Boucherie, Tabac-Presse, Coiffeur, Bar-Café"
59440,NOYELLES-SUR-SELLE,CA de la Porte du Hainaut,Priorité B,47.04,7,"Boulangerie, Épicerie, Pharmacie, Boucherie, Tabac-Presse, Coiffeur, Bar-Café"
59441,OBIES,CC du Pays de Mormal,Priorité B,44.02,7,"Boulangerie, Épicerie, Pharmacie, Boucherie, Tabac-Presse, Coiffeur, Bar-Café"
59447,ONNAING,CA Valenciennes Métropole,Priorité B,50.73,3,"Tabac-Presse, Coiffeur, Bar-Café"
59448,OOST-CAPPEL,CC des Hauts de Flandre,Priorité B,48.04,7,"Boulangerie, Épicerie, Pharmacie, Boucherie, Tabac-Presse, Coiffeur, Bar-Café"
59453,OUDEZEELE,CA Coeur de Flandre,Priorité B,46.07,7,"Boulangerie, Épicerie, Pharmacie, Boucherie, Tabac-Presse, Coiffeur, Bar-Café"
59454,OXELAERE,CA Coeur de Flandre,Priorité B,42.82,7,"Boulangerie, Épicerie, Pharmacie, Boucherie, Tabac-Presse, Coiffeur, Bar-Café"
59456,PECQUENCOURT,CA Coeur d'Ostrevent,Priorité B,55.33,4,"Boulangerie, Tabac-Presse, Coiffeur, Bar-Café"
59461,PETIT-FAYT,CC Coeur de l'Avesnois,Priorité B,51.62,7,"Boulangerie, Épicerie, Pharmacie, Boucherie, Tabac-Presse, Coiffeur, Bar-Café"
59468,POTELLE,CC du Pays de Mormal,Priorité B,36.15,7,"Boulangerie, Épicerie, Pharmacie, Boucherie, Tabac-Presse, Coiffeur, Bar-Café"
59469,PRADELLES,CA Coeur de Flandre,Priorité B,45.79,7,"Boulangerie, Épicerie, Pharmacie, Boucherie, Tabac-Presse, Coiffeur, Bar-Café"
59473,PREUX-AU-SART,CC du Pays de Mormal,Priorité B,29.07,7,"Boulangerie, Épicerie, Pharmacie, Boucherie, Tabac-Presse, Coiffeur, Bar-Café"
59480,QUERENAING,CA Valenciennes Métropole,Priorité B,45.28,6,"Boulangerie, Pharmacie, Boucherie, Tabac-Presse, Coiffeur, Bar-Café"
59483,QUIEVELON,CA Maubeuge Val de Sambre,Priorité B,48.62,7,"Boulangerie, Épicerie, Pharmacie, Boucherie, Tabac-Presse, Coiffeur, Bar-Café"
59484,QUIEVRECHAIN,CA Valenciennes Métropole,Priorité B,51.16,3,"Boulangerie, Coiffeur, Bar-Café"
59491,RAISMES,CA de la Porte du Hainaut,Priorité B,51.54,2,"Coiffeur, Bar-Café"
59492,RAMILLIES,CA de Cambrai,Priorité B,53.81,7,"Boulangerie, Épicerie, Pharmacie, Boucherie, Tabac-Presse, Coiffeur, Bar-Café"
59494,RAUCOURT-AU-BOIS,CC du Pays de Mormal,Priorité A,56.99,7,"Boulangerie, Épicerie, Pharmacie, Boucherie, Tabac-Presse, Coiffeur, Bar-Café"
59503,ROBERSART,CC du Pays de Mormal,Priorité B,45.24,7,"Boulangerie, Épicerie, Pharmacie, Boucherie, Tabac-Presse, Coiffeur, Bar-Café"
59504,RŒULX,CA de la Porte du Hainaut,Priorité B,53.85,5,"Boulangerie, Boucherie, Tabac-Presse, Coiffeur, Bar-Café"
59506,ROMERIES,CC du Pays Solesmois,Priorité B,48.31,7,"Boulangerie, Épicerie, Pharmacie, Boucherie, Tabac-Presse, Coiffeur, Bar-Café"
59512,ROUBAIX,Métropole Européenne de Lille,Priorité A,67.75,2,"Coiffeur, Bar-Café"
59520,RUMILLY-EN-CAMBRESIS,CA de Cambrai,Priorité B,49.25,6,"Boulangerie, Épicerie, Boucherie, Tabac-Presse, Coiffeur, Bar-Café"
59524,SAINGHIN-EN-WEPPES,Métropole Européenne de Lille,Priorité B,45.98,5,"Boulangerie, Boucherie, Tabac-Presse, Coiffeur, Bar-Café"
59525,SAINS-DU-NORD,CC Coeur de l'Avesnois,Priorité B,56.05,6,"Boulangerie, Épicerie, Boucherie, Tabac-Presse, Coiffeur, Bar-Café"
59529,SAINT-AUBIN,CC Coeur de l'Avesnois,Priorité B,46.19,7,"Boulangerie, Épicerie, Pharmacie, Boucherie, Tabac-Presse, Coiffeur, Bar-Café"
59530,SAINT-AYBERT,CA Valenciennes Métropole,Priorité B,46.18,7,"Boulangerie, Épicerie, Pharmacie, Boucherie, Tabac-Presse, Coiffeur, Bar-Café"
59531,SAINT-BENIN,CA du Caudrésis et du Catésis,Priorité B,55.57,7,"Boulangerie, Épicerie, Pharmacie, Boucherie, Tabac-Presse, Coiffeur, Bar-Café"
59532,SAINT GEORGES SUR L'AA,CU de Dunkerque,Priorité B,44.47,7,"Boulangerie, Épicerie, Pharmacie, Boucherie, Tabac-Presse, Coiffeur, Bar-Café"
59533,SAINT-HILAIRE-LEZ-CAMBRAI,CA du Caudrésis et du Catésis,Priorité B,50.27,6,"Boulangerie, Épicerie, Boucherie, Tabac-Presse, Coiffeur, Bar-Café"
59537,SAINT-MARTIN-SUR-ECAILLON,CC du Pays Solesmois,Priorité B,45.14,7,"Boulangerie, Épicerie, Pharmacie, Boucherie, Tabac-Presse, Coiffeur, Bar-Café"
59538,SAINT-MOMELIN,CC des Hauts de Flandre,Priorité B,55.98,6,"Boulangerie, Épicerie, Pharmacie, Tabac-Presse, Coiffeur, Bar-Café"
59547,SAINT-VAAST-EN-CAMBRESIS,CA du Caudrésis et du Catésis,Priorité B,51.23,7,"Boulangerie, Épicerie, Pharmacie, Boucherie, Tabac-Presse, Coiffeur, Bar-Café"
59551,SAMEON,CC Pévèle-Carembault,Priorité B,46.96,6,"Boulangerie, Épicerie, Pharmacie, Tabac-Presse, Coiffeur, Bar-Café"
59556,SASSEGNIES,CA Maubeuge Val de Sambre,Priorité B,55.29,7,"Boulangerie, Épicerie, Pharmacie, Boucherie, Tabac-Presse, Coiffeur, Bar-Café"
59568,SERCUS,CA Coeur de Flandre,Priorité B,48.78,7,"Boulangerie, Épicerie, Pharmacie, Boucherie, Tabac-Presse, Coiffeur, Bar-Café"
59569,SIN-LE-NOBLE,CA Douaisis Agglo,Priorité B,51.48,3,"Tabac-Presse, Coiffeur, Bar-Café"
59571,SOLESMES,CC du Pays Solesmois,Priorité B,50.87,3,"Boulangerie, Coiffeur, Bar-Café"
59574,SOMAIN,CA Coeur d'Ostrevent,Priorité B,51.32,3,"Boulangerie, Coiffeur, Bar-Café"
59579,STEENE,CC des Hauts de Flandre,Priorité B,44.58,6,"Boulangerie, Épicerie, Pharmacie, Tabac-Presse, Coiffeur, Bar-Café"
59582,STRAZEELE,CA Coeur de Flandre,Priorité B,44.89,7,"Boulangerie, Épicerie, Pharmacie, Boucherie, Tabac-Presse, Coiffeur, Bar-Café"
59583,TAISNIERES-EN-THIERACHE,CC Coeur de l'Avesnois,Priorité B,51.71,7,"Boulangerie, Épicerie, Pharmacie, Boucherie, Tabac-Presse, Coiffeur, Bar-Café"
59584,TAISNIERES-SUR-HON,CC du Pays de Mormal,Priorité B,43.78,7,"Boulangerie, Épicerie, Pharmacie, Boucherie, Tabac-Presse, Coiffeur, Bar-Café"
59591,THIVENCELLE,CA Valenciennes Métropole,Priorité B,54.37,7,"Boulangerie, Épicerie, Pharmacie, Boucherie, Tabac-Presse, Coiffeur, Bar-Café"
59596,TILLOY-LEZ-MARCHIENNES,CA Coeur d'Ostrevent,Priorité B,42.92,7,"Boulangerie, Épicerie, Pharmacie, Boucherie, Tabac-Presse, Coiffeur, Bar-Café"
59599,TOURCOING,Métropole Européenne de Lille,Priorité B,55.97,2,"Coiffeur, Bar-Café"
59601,TRELON,CC du Sud Avesnois,Priorité B,50.28,4,"Boulangerie, Épicerie, Coiffeur, Bar-Café"
59604,TROISVILLES,CA du Caudrésis et du Catésis,Priorité B,47.96,7,"Boulangerie, Épicerie, Pharmacie, Boucherie, Tabac-Presse, Coiffeur, Bar-Café"
59605,UXEM,CC des Hauts de Flandre,Priorité B,48.69,6,"Boulangerie, Pharmacie, Boucherie, Tabac-Presse, Coiffeur, Bar-Café"
59606,VALENCIENNES,CA Valenciennes Métropole,Priorité B,52.67,2,"Coiffeur, Bar-Café"
59610,VERCHAIN-MAUGRE,CA Valenciennes Métropole,Priorité B,47.07,7,"Boulangerie, Épicerie, Pharmacie, Boucherie, Tabac-Presse, Coiffeur, Bar-Café"
59612,VERTAIN,CC du Pays Solesmois,Priorité B,41.55,7,"Boulangerie, Épicerie, Pharmacie, Boucherie, Tabac-Presse, Coiffeur, Bar-Café"
59614,VIESLY,CC du Pays Solesmois,Priorité B,50.82,5,"Boulangerie, Boucherie, Tabac-Presse, Coiffeur, Bar-Café"
59616,VIEUX-CONDE,CA Valenciennes Métropole,Priorité B,51.41,3,"Boulangerie, Coiffeur, Bar-Café"
59622,VILLERS-EN-CAUCHIES,CA de Cambrai,Priorité B,49.22,7,"Boulangerie, Épicerie, Pharmacie, Boucherie, Tabac-Presse, Coiffeur, Bar-Café"
59624,VILLERS-OUTREAUX,CA du Caudrésis et du Catésis,Priorité B,51.31,6,"Boulangerie, Épicerie, Boucherie, Tabac-Presse, Coiffeur, Bar-Café"
59625,VILLERS-PLOUICH,CA de Cambrai,Priorité B,45.31,6,"Boulangerie, Épicerie, Pharmacie, Tabac-Presse, Coiffeur, Bar-Café"
59628,VOLCKERINCKHOVE,CC des Hauts de Flandre,Priorité B,45.05,7,"Boulangerie, Épicerie, Pharmacie, Boucherie, Tabac-Presse, Coiffeur, Bar-Café"
59633,WALLERS-EN-FAGNE,CC du Sud Avesnois,Priorité B,46.94,7,"Boulangerie, Épicerie, Pharmacie, Boucherie, Tabac-Presse, Coiffeur, Bar-Café"
59637,WANDIGNIES-HAMAGE,CA Coeur d'Ostrevent,Priorité B,45.83,7,"Boulangerie, Épicerie, Pharmacie, Boucherie, Tabac-Presse, Coiffeur, Bar-Café"
59640,WARGNIES-LE-PETIT,CC du Pays de Mormal,Priorité B,44.33,7,"Boulangerie, Épicerie, Pharmacie, Boucherie, Tabac-Presse, Coiffeur, Bar-Café"
59641,WARHEM,CC des Hauts de Flandre,Priorité B,47.1,5,"Boulangerie, Épicerie, Tabac-Presse, Coiffeur, Bar-Café"
59642,WARLAING,CA Coeur d'Ostrevent,Priorité B,44.81,7,"Boulangerie, Épicerie, Pharmacie, Boucherie, Tabac-Presse, Coiffeur, Bar-Café"
59650,WATTRELOS,Métropole Européenne de Lille,Priorité B,50.29,2,"Coiffeur, Bar-Café"
59651,WAVRECHAIN-SOUS-DENAIN,CA de la Porte du Hainaut,Priorité B,50.13,5,"Boulangerie, Boucherie, Tabac-Presse, Coiffeur, Bar-Café"
59652,WAVRECHAIN-SOUS-FAULX,CA de la Porte du Hainaut,Priorité B,42.11,7,"Boulangerie, Épicerie, Pharmacie, Boucherie, Tabac-Presse, Coiffeur, Bar-Café"
59654,WAZIERS,CA Douaisis Agglo,Priorité B,51.05,4,"Boulangerie, Tabac-Presse, Coiffeur, Bar-Café"
59659,WIGNEHIES,CC du Sud Avesnois,Priorité B,52.07,4,"Épicerie, Tabac-Presse, Coiffeur, Bar-Café"
59661,WILLIES,CC du Sud Avesnois,Priorité A,60.14,7,"Boulangerie, Épicerie, Pharmacie, Boucherie, Tabac-Presse, Coiffeur, Bar-Café"
59664,WULVERDINGHE,CC des Hauts de Flandre,Priorité B,49.39,7,"Boulangerie, Épicerie, Pharmacie, Boucherie, Tabac-Presse, Coiffeur, Bar-Café"
59665,WYLDER,CC des Hauts de Flandre,Priorité B,45.45,7,"Boulangerie, Épicerie, Pharmacie, Boucherie, Tabac-Presse, Coiffeur, Bar-Café"
59667,ZERMEZEELE,CA Coeur de Flandre,Priorité B,36.55,7,"Boulangerie, Épicerie, Pharmacie, Boucherie, Tabac-Presse, Coiffeur, Bar-Café"
