epci_siren,epci_nom,epci_type,code_commune,nom_commune
200030633,CA du Caudrésis et du Catésis,CA,59037,Avesnes-les-Aubert
200030633,CA du Caudrésis et du Catésis,CA,59055,Bazuel
200030633,CA du Caudrésis et du Catésis,CA,59059,Beaumont-en-Cambrésis
200030633,CA du Caudrésis et du Catésis,CA,59063,Beauvois-en-Cambrésis
200030633,CA du Caudrésis et du Catésis,CA,59074,Bertry
200030633,CA du Caudrésis et du Catésis,CA,59075,Béthencourt
200030633,CA du Caudrésis et du Catésis,CA,59081,Bévillers
200030633,CA du Caudrésis et du Catésis,CA,59102,Boussières-en-Cambrésis
200030633,CA du Caudrésis et du Catésis,CA,59108,Briastre
200030633,CA du Caudrésis et du Catésis,CA,59118,Busigny
200030633,CA du Caudrésis et du Catésis,CA,59132,Carnières
200030633,CA du Caudrésis et du Catésis,CA,59137,Catillon-sur-Sambre
200030633,CA du Caudrésis et du Catésis,CA,59138,Cattenières
200030633,CA du Caudrésis et du Catésis,CA,59139,Caudry
200030633,CA du Caudrésis et du Catésis,CA,59140,Caullery
200030633,CA du Caudrésis et du Catésis,CA,59149,Clary
200030633,CA du Caudrésis et du Catésis,CA,59171,Dehéries
200030633,CA du Caudrésis et du Catésis,CA,59191,Élincourt
200030633,CA du Caudrésis et du Catésis,CA,59213,Estourmel
200030633,CA du Caudrésis et du Catésis,CA,59243,Fontaine-au-Pire
200030633,CA du Caudrésis et du Catésis,CA,59287,Haucourt-en-Cambrésis
200030633,CA du Caudrésis et du Catésis,CA,59311,Honnechy
200030633,CA du Caudrésis et du Catésis,CA,59321,Inchy
200030633,CA du Caudrésis et du Catésis,CA,59274,La Groise
200030633,CA du Caudrésis et du Catésis,CA,59136,Le Cateau-Cambrésis
200030633,CA du Caudrésis et du Catésis,CA,59349,Ligny-en-Cambrésis
200030633,CA du Caudrésis et du Catésis,CA,59372,Malincourt
200030633,CA du Caudrésis et du Catésis,CA,59382,Maretz
200030633,CA du Caudrésis et du Catésis,CA,59394,Maurois
200030633,CA du Caudrésis et du Catésis,CA,59395,Mazinghien
200030633,CA du Caudrésis et du Catésis,CA,59412,Montay
200030633,CA du Caudrésis et du Catésis,CA,59413,Montigny-en-Cambrésis
200030633,CA du Caudrésis et du Catésis,CA,59430,Neuvilly
200030633,CA du Caudrésis et du Catésis,CA,59450,Ors
200030633,CA du Caudrésis et du Catésis,CA,59465,Pommereuil
200030633,CA du Caudrésis et du Catésis,CA,59485,Quiévy
200030633,CA du Caudrésis et du Catésis,CA,59496,Rejet-de-Beaulieu
200030633,CA du Caudrésis et du Catésis,CA,59498,Reumont
200030633,CA du Caudrésis et du Catésis,CA,59528,Saint-Aubert
200030633,CA du Caudrésis et du Catésis,CA,59531,Saint-Benin
200030633,CA du Caudrésis et du Catésis,CA,59533,Saint-Hilaire-lez-Cambrai
200030633,CA du Caudrésis et du Catésis,CA,59545,Saint-Souplet
200030633,CA du Caudrésis et du Catésis,CA,59547,Saint-Vaast-en-Cambrésis
200030633,CA du Caudrésis et du Catésis,CA,59604,Troisvilles
200030633,CA du Caudrésis et du Catésis,CA,59624,Villers-Outréaux
200030633,CA du Caudrésis et du Catésis,CA,59631,Walincourt-Selvigny
200040947,CA Coeur de Flandre,CA,59018,Arnèke
200040947,CA Coeur de Flandre,CA,59043,Bailleul
200040947,CA Coeur de Flandre,CA,59054,Bavinchove
200040947,CA Coeur de Flandre,CA,59073,Berthen
200040947,CA Coeur de Flandre,CA,59084,Blaringhem
200040947,CA Coeur de Flandre,CA,59086,Boeschepe
200040947,CA Coeur de Flandre,CA,59087,Boëseghem
200040947,CA Coeur de Flandre,CA,59091,Borre
200040947,CA Coeur de Flandre,CA,59119,Buysscheure
200040947,CA Coeur de Flandre,CA,59120,Caëstre
200040947,CA Coeur de Flandre,CA,59135,Cassel
200040947,CA Coeur de Flandre,CA,59184,Ebblinghem
200040947,CA Coeur de Flandre,CA,59189,Eecke
200040947,CA Coeur de Flandre,CA,59237,Flêtre
200040947,CA Coeur de Flandre,CA,59262,Godewaersvelde
200040947,CA Coeur de Flandre,CA,59282,Hardifort
200040947,CA Coeur de Flandre,CA,59295,Hazebrouck
200040947,CA Coeur de Flandre,CA,59308,Hondeghem
200040947,CA Coeur de Flandre,CA,59318,Houtkerque
200040947,CA Coeur de Flandre,CA,59180,Le Doulieu
200040947,CA Coeur de Flandre,CA,59366,Lynde
200040947,CA Coeur de Flandre,CA,59399,Merris
200040947,CA Coeur de Flandre,CA,59401,Méteren
200040947,CA Coeur de Flandre,CA,59416,Morbecque
200040947,CA Coeur de Flandre,CA,59423,Neuf-Berquin
200040947,CA Coeur de Flandre,CA,59431,Nieppe
200040947,CA Coeur de Flandre,CA,59436,Noordpeene
200040947,CA Coeur de Flandre,CA,59443,Ochtezeele
200040947,CA Coeur de Flandre,CA,59453,Oudezeele
200040947,CA Coeur de Flandre,CA,59454,Oxelaëre
200040947,CA Coeur de Flandre,CA,59469,Pradelles
200040947,CA Coeur de Flandre,CA,59497,Renescure
200040947,CA Coeur de Flandre,CA,59516,Rubrouck
200040947,CA Coeur de Flandre,CA,59536,Sainte-Marie-Cappel
200040947,CA Coeur de Flandre,CA,59535,Saint-Jans-Cappel
200040947,CA Coeur de Flandre,CA,59546,Saint-Sylvestre-Cappel
200040947,CA Coeur de Flandre,CA,59568,Sercus
200040947,CA Coeur de Flandre,CA,59577,Staple
200040947,CA Coeur de Flandre,CA,59578,Steenbecque
200040947,CA Coeur de Flandre,CA,59580,Steenvoorde
200040947,CA Coeur de Flandre,CA,59581,Steenwerck
200040947,CA Coeur de Flandre,CA,59582,Strazeele
200040947,CA Coeur de Flandre,CA,59587,Terdeghem
200040947,CA Coeur de Flandre,CA,59590,Thiennes
200040947,CA Coeur de Flandre,CA,59615,Vieux-Berquin
200040947,CA Coeur de Flandre,CA,59634,Wallon-Cappel
200040947,CA Coeur de Flandre,CA,59655,Wemaers-Cappel
200040947,CA Coeur de Flandre,CA,59662,Winnezeele
200040947,CA Coeur de Flandre,CA,59667,Zermezeele
200040947,CA Coeur de Flandre,CA,59669,Zuytpeene
200040954,CC des Hauts de Flandre,CC,59046,Bambecque
200040954,CC des Hauts de Flandre,CC,59067,Bergues
200040954,CC des Hauts de Flandre,CC,59082,Bierne
200040954,CC des Hauts de Flandre,CC,59083,Bissezeele
200040954,CC des Hauts de Flandre,CC,59089,Bollezeele
200040954,CC des Hauts de Flandre,CC,59110,Brouckerque
200040954,CC des Hauts de Flandre,CC,59111,Broxeele
200040954,CC des Hauts de Flandre,CC,59130,Cappelle-Brouck
200040954,CC des Hauts de Flandre,CC,59162,Crochte
200040954,CC des Hauts de Flandre,CC,59182,Drincham
200040954,CC des Hauts de Flandre,CC,59200,Eringhem
200040954,CC des Hauts de Flandre,CC,59210,Esquelbecq
200040954,CC des Hauts de Flandre,CC,59305,Herzeele
200040954,CC des Hauts de Flandre,CC,59307,Holque
200040954,CC des Hauts de Flandre,CC,59309,Hondschoote
200040954,CC des Hauts de Flandre,CC,59319,Hoymille
200040954,CC des Hauts de Flandre,CC,59326,Killem
200040954,CC des Hauts de Flandre,CC,59337,Lederzeele
200040954,CC des Hauts de Flandre,CC,59338,Ledringhem
200040954,CC des Hauts de Flandre,CC,59358,Looberghe
200040954,CC des Hauts de Flandre,CC,59397,Merckeghem
200040954,CC des Hauts de Flandre,CC,59402,Millam
200040954,CC des Hauts de Flandre,CC,59433,Nieurlet
200040954,CC des Hauts de Flandre,CC,59448,Oost-Cappel
200040954,CC des Hauts de Flandre,CC,59463,Pitgam
200040954,CC des Hauts de Flandre,CC,59478,Quaëdypre
200040954,CC des Hauts de Flandre,CC,59499,Rexpoëde
200040954,CC des Hauts de Flandre,CC,59538,Saint-Momelin
200040954,CC des Hauts de Flandre,CC,59539,Saint-Pierre-Brouck
200040954,CC des Hauts de Flandre,CC,59570,Socx
200040954,CC des Hauts de Flandre,CC,59579,Steene
200040954,CC des Hauts de Flandre,CC,59605,Uxem
200040954,CC des Hauts de Flandre,CC,59628,Volckerinckhove
200040954,CC des Hauts de Flandre,CC,59641,Warhem
200040954,CC des Hauts de Flandre,CC,59647,Watten
200040954,CC des Hauts de Flandre,CC,59657,West-Cappel
200040954,CC des Hauts de Flandre,CC,59663,Wormhout
200040954,CC des Hauts de Flandre,CC,59664,Wulverdinghe
200040954,CC des Hauts de Flandre,CC,59665,Wylder
200040954,CC des Hauts de Flandre,CC,59666,Zegerscappel
200041960,CC Pévèle-Carembault,CC,59004,Aix-en-Pévèle
200041960,CC Pévèle-Carembault,CC,59022,Attiches
200041960,CC Pévèle-Carembault,CC,59029,Auchy-lez-Orchies
200041960,CC Pévèle-Carembault,CC,59034,Avelin
200041960,CC Pévèle-Carembault,CC,59042,Bachy
200041960,CC Pévèle-Carembault,CC,59071,Bersée
200041960,CC Pévèle-Carembault,CC,59080,Beuvry-la-Forêt
200041960,CC Pévèle-Carembault,CC,59096,Bourghelles
200041960,CC Pévèle-Carembault,CC,59105,Bouvignies
200041960,CC Pévèle-Carembault,CC,59123,Camphin-en-Carembault
200041960,CC Pévèle-Carembault,CC,59124,Camphin-en-Pévèle
200041960,CC Pévèle-Carembault,CC,59129,Cappelle-en-Pévèle
200041960,CC Pévèle-Carembault,CC,59145,Chemy
200041960,CC Pévèle-Carembault,CC,59150,Cobrieux
200041960,CC Pévèle-Carembault,CC,59158,Coutiches
200041960,CC Pévèle-Carembault,CC,59168,Cysoing
200041960,CC Pévèle-Carembault,CC,59197,Ennevelin
200041960,CC Pévèle-Carembault,CC,59258,Genech
200041960,CC Pévèle-Carembault,CC,59266,Gondecourt
200041960,CC Pévèle-Carembault,CC,59304,Herrin
200041960,CC Pévèle-Carembault,CC,59427,La Neuville
200041960,CC Pévèle-Carembault,CC,59330,Landas
200041960,CC Pévèle-Carembault,CC,59364,Louvil
200041960,CC Pévèle-Carembault,CC,59398,Mérignies
200041960,CC Pévèle-Carembault,CC,59408,Moncheaux
200041960,CC Pévèle-Carembault,CC,59411,Mons-en-Pévèle
200041960,CC Pévèle-Carembault,CC,59419,Mouchin
200041960,CC Pévèle-Carembault,CC,59435,Nomain
200041960,CC Pévèle-Carembault,CC,59449,Orchies
200041960,CC Pévèle-Carembault,CC,59452,Ostricourt
200041960,CC Pévèle-Carembault,CC,59462,Phalempin
200041960,CC Pévèle-Carembault,CC,59466,Pont-à-Marcq
200041960,CC Pévèle-Carembault,CC,59551,Saméon
200041960,CC Pévèle-Carembault,CC,59586,Templeuve-en-Pévèle
200041960,CC Pévèle-Carembault,CC,59592,Thumeries
200041960,CC Pévèle-Carembault,CC,59600,Tourmignies
200041960,CC Pévèle-Carembault,CC,59630,Wahagnies
200041960,CC Pévèle-Carembault,CC,59638,Wannehain
200042190,CA de la Porte du Hainaut,CA,59002,Abscon
200042190,CA de la Porte du Hainaut,CA,59038,Avesnes-le-Sec
200042190,CA de la Porte du Hainaut,CA,59064,Bellaing
200042190,CA de la Porte du Hainaut,CA,59092,Bouchain
200042190,CA de la Porte du Hainaut,CA,59100,Bousignies
200042190,CA de la Porte du Hainaut,CA,59109,Brillon
200042190,CA de la Porte du Hainaut,CA,59114,Bruille-Saint-Amand
200042190,CA de la Porte du Hainaut,CA,59144,Château-l'Abbaye
200042190,CA de la Porte du Hainaut,CA,59172,Denain
200042190,CA de la Porte du Hainaut,CA,59179,Douchy-les-Mines
200042190,CA de la Porte du Hainaut,CA,59192,Émerchicourt
200042190,CA de la Porte du Hainaut,CA,59205,Escaudain
200042190,CA de la Porte du Hainaut,CA,59207,Escautpont
200042190,CA de la Porte du Hainaut,CA,59238,Flines-lès-Mortagne
200042190,CA de la Porte du Hainaut,CA,59284,Hasnon
200042190,CA de la Porte du Hainaut,CA,59285,Haspres
200042190,CA de la Porte du Hainaut,CA,59288,Haulchin
200042190,CA de la Porte du Hainaut,CA,59292,Haveluy
200042190,CA de la Porte du Hainaut,CA,59297,Hélesmes
200042190,CA de la Porte du Hainaut,CA,59302,Hérin
200042190,CA de la Porte du Hainaut,CA,59313,Hordain
200042190,CA de la Porte du Hainaut,CA,59564,La Sentinelle
200042190,CA de la Porte du Hainaut,CA,59335,Lecelles
200042190,CA de la Porte du Hainaut,CA,59348,Lieu-Saint-Amand
200042190,CA de la Porte du Hainaut,CA,59361,Lourches
200042190,CA de la Porte du Hainaut,CA,59387,Marquette-en-Ostrevant
200042190,CA de la Porte du Hainaut,CA,59391,Mastaing
200042190,CA de la Porte du Hainaut,CA,59393,Maulde
200042190,CA de la Porte du Hainaut,CA,59403,Millonfosse
200042190,CA de la Porte du Hainaut,CA,59418,Mortagne-du-Nord
200042190,CA de la Porte du Hainaut,CA,59429,Neuville-sur-Escaut
200042190,CA de la Porte du Hainaut,CA,59434,Nivelle
200042190,CA de la Porte du Hainaut,CA,59440,Noyelles-sur-Selle
200042190,CA de la Porte du Hainaut,CA,59446,Oisy
200042190,CA de la Porte du Hainaut,CA,59491,Raismes
200042190,CA de la Porte du Hainaut,CA,59504,Rœulx
200042190,CA de la Porte du Hainaut,CA,59511,Rosult
200042190,CA de la Porte du Hainaut,CA,59519,Rumegies
200042190,CA de la Porte du Hainaut,CA,59526,Saint-Amand-les-Eaux
200042190,CA de la Porte du Hainaut,CA,59554,Sars-et-Rosières
200042190,CA de la Porte du Hainaut,CA,59589,Thiant
200042190,CA de la Porte du Hainaut,CA,59594,Thun-Saint-Amand
200042190,CA de la Porte du Hainaut,CA,59603,Trith-Saint-Léger
200042190,CA de la Porte du Hainaut,CA,59632,Wallers
200042190,CA de la Porte du Hainaut,CA,59645,Wasnes-au-Bac
200042190,CA de la Porte du Hainaut,CA,59651,Wavrechain-sous-Denain
200042190,CA de la Porte du Hainaut,CA,59652,Wavrechain-sous-Faulx
200043263,CC Coeur de l'Avesnois,CC,59035,Avesnelles
200043263,CC Coeur de l'Avesnois,CC,59036,Avesnes-sur-Helpe
200043263,CC Coeur de l'Avesnois,CC,59050,Bas-Lieu
200043263,CC Coeur de l'Avesnois,CC,59061,Beaurepaire-sur-Sambre
200043263,CC Coeur de l'Avesnois,CC,59062,Beaurieux
200043263,CC Coeur de l'Avesnois,CC,59066,Bérelles
200043263,CC Coeur de l'Avesnois,CC,59078,Beugnies
200043263,CC Coeur de l'Avesnois,CC,59093,Boulogne-sur-Helpe
200043263,CC Coeur de l'Avesnois,CC,59134,Cartignies
200043263,CC Coeur de l'Avesnois,CC,59147,Choisies
200043263,CC Coeur de l'Avesnois,CC,59148,Clairfayts
200043263,CC Coeur de l'Avesnois,CC,59169,Damousies
200043263,CC Coeur de l'Avesnois,CC,59174,Dimechaux
200043263,CC Coeur de l'Avesnois,CC,59175,Dimont
200043263,CC Coeur de l'Avesnois,CC,59177,Dompierre-sur-Helpe
200043263,CC Coeur de l'Avesnois,CC,59181,Dourlers
200043263,CC Coeur de l'Avesnois,CC,59186,Eccles
200043263,CC Coeur de l'Avesnois,CC,59218,Étrœungt
200043263,CC Coeur de l'Avesnois,CC,59226,Felleries
200043263,CC Coeur de l'Avesnois,CC,59233,Flaumont-Waudrechies
200043263,CC Coeur de l'Avesnois,CC,59240,Floursies
200043263,CC Coeur de l'Avesnois,CC,59241,Floyon
200043263,CC Coeur de l'Avesnois,CC,59270,Grand-Fayt
200043263,CC Coeur de l'Avesnois,CC,59290,Haut-Lieu
200043263,CC Coeur de l'Avesnois,CC,59306,Hestrud
200043263,CC Coeur de l'Avesnois,CC,59333,Larouillies
200043263,CC Coeur de l'Avesnois,CC,59342,Lez-Fontaine
200043263,CC Coeur de l'Avesnois,CC,59347,Liessies
200043263,CC Coeur de l'Avesnois,CC,59374,Marbaix
200043263,CC Coeur de l'Avesnois,CC,59461,Petit-Fayt
200043263,CC Coeur de l'Avesnois,CC,59474,Prisches
200043263,CC Coeur de l'Avesnois,CC,59490,Rainsars
200043263,CC Coeur de l'Avesnois,CC,59493,Ramousies
200043263,CC Coeur de l'Avesnois,CC,59525,Sains-du-Nord
200043263,CC Coeur de l'Avesnois,CC,59529,Saint-Aubin
200043263,CC Coeur de l'Avesnois,CC,59534,Saint-Hilaire-sur-Helpe
200043263,CC Coeur de l'Avesnois,CC,59555,Sars-Poteries
200043263,CC Coeur de l'Avesnois,CC,59562,Sémeries
200043263,CC Coeur de l'Avesnois,CC,59563,Semousies
200043263,CC Coeur de l'Avesnois,CC,59572,Solre-le-Château
200043263,CC Coeur de l'Avesnois,CC,59573,Solrinnes
200043263,CC Coeur de l'Avesnois,CC,59583,Taisnières-en-Thiérache
200043263,CC Coeur de l'Avesnois,CC,59649,Wattignies-la-Victoire
200043321,CC du Pays de Mormal,CC,59031,Audignies
200043321,CC du Pays de Mormal,CC,59053,Bavay
200043321,CC du Pays de Mormal,CC,59057,Beaudignies
200043321,CC du Pays de Mormal,CC,59065,Bellignies
200043321,CC du Pays de Mormal,CC,59077,Bettrechies
200043321,CC du Pays de Mormal,CC,59099,Bousies
200043321,CC du Pays de Mormal,CC,59116,Bry
200043321,CC du Pays de Mormal,CC,59164,Croix-Caluyau
200043321,CC du Pays de Mormal,CC,59194,Englefontaine
200043321,CC du Pays de Mormal,CC,59217,Eth
200043321,CC du Pays de Mormal,CC,59242,Fontaine-au-Bois
200043321,CC du Pays de Mormal,CC,59246,Forest-en-Cambrésis
200043321,CC du Pays de Mormal,CC,59251,Frasnoy
200043321,CC du Pays de Mormal,CC,59259,Ghissignies
200043321,CC du Pays de Mormal,CC,59265,Gommegnies
200043321,CC du Pays de Mormal,CC,59277,Gussignies
200043321,CC du Pays de Mormal,CC,59283,Hargnies
200043321,CC du Pays de Mormal,CC,59296,Hecq
200043321,CC du Pays de Mormal,CC,59310,Hon-Hergies
200043321,CC du Pays de Mormal,CC,59315,Houdain-lez-Bavay
200043321,CC du Pays de Mormal,CC,59323,Jenlain
200043321,CC du Pays de Mormal,CC,59325,Jolimetz
200043321,CC du Pays de Mormal,CC,59006,L’Orée de Mormal
200043321,CC du Pays de Mormal,CC,59232,La Flamengrie
200043321,CC du Pays de Mormal,CC,59357,La Longueville
200043321,CC du Pays de Mormal,CC,59331,Landrecies
200043321,CC du Pays de Mormal,CC,59223,Le Favril
200043321,CC du Pays de Mormal,CC,59481,Le Quesnoy
200043321,CC du Pays de Mormal,CC,59353,Locquignol
200043321,CC du Pays de Mormal,CC,59363,Louvignies-Quesnoy
200043321,CC du Pays de Mormal,CC,59381,Maresches
200043321,CC du Pays de Mormal,CC,59384,Maroilles
200043321,CC du Pays de Mormal,CC,59396,Mecquignies
200043321,CC du Pays de Mormal,CC,59425,Neuville-en-Avesnois
200043321,CC du Pays de Mormal,CC,59441,Obies
200043321,CC du Pays de Mormal,CC,59451,Orsinval
200043321,CC du Pays de Mormal,CC,59464,Poix-du-Nord
200043321,CC du Pays de Mormal,CC,59468,Potelle
200043321,CC du Pays de Mormal,CC,59472,Preux-au-Bois
200043321,CC du Pays de Mormal,CC,59473,Preux-au-Sart
200043321,CC du Pays de Mormal,CC,59494,Raucourt-au-Bois
200043321,CC du Pays de Mormal,CC,59503,Robersart
200043321,CC du Pays de Mormal,CC,59518,Ruesnes
200043321,CC du Pays de Mormal,CC,59548,Saint-Waast
200043321,CC du Pays de Mormal,CC,59549,Salesches
200043321,CC du Pays de Mormal,CC,59565,Sepmeries
200043321,CC du Pays de Mormal,CC,59584,Taisnières-sur-Hon
200043321,CC du Pays de Mormal,CC,59607,Vendegies-au-Bois
200043321,CC du Pays de Mormal,CC,59619,Villereau
200043321,CC du Pays de Mormal,CC,59626,Villers-Pol
200043321,CC du Pays de Mormal,CC,59639,Wargnies-le-Grand
200043321,CC du Pays de Mormal,CC,59640,Wargnies-le-Petit
200043396,CA Maubeuge Val de Sambre,CA,59003,Aibes
200043396,CA Maubeuge Val de Sambre,CA,59021,Assevent
200043396,CA Maubeuge Val de Sambre,CA,59033,Aulnoye-Aymeries
200043396,CA Maubeuge Val de Sambre,CA,59041,Bachant
200043396,CA Maubeuge Val de Sambre,CA,59058,Beaufort
200043396,CA Maubeuge Val de Sambre,CA,59068,Berlaimont
200043396,CA Maubeuge Val de Sambre,CA,59072,Bersillies
200043396,CA Maubeuge Val de Sambre,CA,59076,Bettignies
200043396,CA Maubeuge Val de Sambre,CA,59101,Bousignies-sur-Roc
200043396,CA Maubeuge Val de Sambre,CA,59103,Boussières-sur-Sambre
200043396,CA Maubeuge Val de Sambre,CA,59104,Boussois
200043396,CA Maubeuge Val de Sambre,CA,59142,Cerfontaine
200043396,CA Maubeuge Val de Sambre,CA,59151,Colleret
200043396,CA Maubeuge Val de Sambre,CA,59157,Cousolre
200043396,CA Maubeuge Val de Sambre,CA,59187,Éclaibes
200043396,CA Maubeuge Val de Sambre,CA,59188,Écuélin
200043396,CA Maubeuge Val de Sambre,CA,59190,Élesmes
200043396,CA Maubeuge Val de Sambre,CA,59225,Feignies
200043396,CA Maubeuge Val de Sambre,CA,59230,Ferrière-la-Grande
200043396,CA Maubeuge Val de Sambre,CA,59231,Ferrière-la-Petite
200043396,CA Maubeuge Val de Sambre,CA,59264,Gognies-Chaussée
200043396,CA Maubeuge Val de Sambre,CA,59291,Hautmont
200043396,CA Maubeuge Val de Sambre,CA,59324,Jeumont
200043396,CA Maubeuge Val de Sambre,CA,59344,Leval
200043396,CA Maubeuge Val de Sambre,CA,59351,Limont-Fontaine
200043396,CA Maubeuge Val de Sambre,CA,59365,Louvroil
200043396,CA Maubeuge Val de Sambre,CA,59370,Mairieux
200043396,CA Maubeuge Val de Sambre,CA,59385,Marpent
200043396,CA Maubeuge Val de Sambre,CA,59392,Maubeuge
200043396,CA Maubeuge Val de Sambre,CA,59406,Monceau-Saint-Waast
200043396,CA Maubeuge Val de Sambre,CA,59424,Neuf-Mesnil
200043396,CA Maubeuge Val de Sambre,CA,59439,Noyelles-sur-Sambre
200043396,CA Maubeuge Val de Sambre,CA,59442,Obrechies
200043396,CA Maubeuge Val de Sambre,CA,59467,Pont-sur-Sambre
200043396,CA Maubeuge Val de Sambre,CA,59483,Quiévelon
200043396,CA Maubeuge Val de Sambre,CA,59495,Recquignies
200043396,CA Maubeuge Val de Sambre,CA,59514,Rousies
200043396,CA Maubeuge Val de Sambre,CA,59542,Saint-Remy-Chaussée
200043396,CA Maubeuge Val de Sambre,CA,59543,Saint-Remy-du-Nord
200043396,CA Maubeuge Val de Sambre,CA,59556,Sassegnies
200043396,CA Maubeuge Val de Sambre,CA,59617,Vieux-Mesnil
200043396,CA Maubeuge Val de Sambre,CA,59618,Vieux-Reng
200043396,CA Maubeuge Val de Sambre,CA,59627,Villers-Sire-Nicole
200043404,CC du Sud Avesnois,CC,59012,Anor
200043404,CC du Sud Avesnois,CC,59045,Baives
200043404,CC du Sud Avesnois,CC,59198,Eppe-Sauvage
200043404,CC du Sud Avesnois,CC,59229,Féron
200043404,CC du Sud Avesnois,CC,59249,Fourmies
200043404,CC du Sud Avesnois,CC,59261,Glageon
200043404,CC du Sud Avesnois,CC,59420,Moustier-en-Fagne
200043404,CC du Sud Avesnois,CC,59445,Ohain
200043404,CC du Sud Avesnois,CC,59601,Trélon
200043404,CC du Sud Avesnois,CC,59633,Wallers-en-Fagne
200043404,CC du Sud Avesnois,CC,59659,Wignehies
200043404,CC du Sud Avesnois,CC,59661,Willies
200044618,CA Douaisis Agglo,CA,59007,Anhiers
200044618,CA Douaisis Agglo,CA,59015,Arleux
200044618,CA Douaisis Agglo,CA,59026,Aubigny-au-Bac
200044618,CA Douaisis Agglo,CA,59028,Auby
200044618,CA Douaisis Agglo,CA,59115,Brunémont
200044618,CA Douaisis Agglo,CA,59117,Bugnicourt
200044618,CA Douaisis Agglo,CA,59126,Cantin
200044618,CA Douaisis Agglo,CA,59156,Courchelettes
200044618,CA Douaisis Agglo,CA,59165,Cuincy
200044618,CA Douaisis Agglo,CA,59170,Dechy
200044618,CA Douaisis Agglo,CA,59178,Douai
200044618,CA Douaisis Agglo,CA,59199,Erchin
200044618,CA Douaisis Agglo,CA,59211,Esquerchin
200044618,CA Douaisis Agglo,CA,59214,Estrées
200044618,CA Douaisis Agglo,CA,59222,Faumont
200044618,CA Douaisis Agglo,CA,59224,Féchain
200044618,CA Douaisis Agglo,CA,59228,Férin
200044618,CA Douaisis Agglo,CA,59234,Flers-en-Escrebieux
200044618,CA Douaisis Agglo,CA,59239,Flines-lez-Raches
200044618,CA Douaisis Agglo,CA,59254,Fressain
200044618,CA Douaisis Agglo,CA,59263,Gœulzin
200044618,CA Douaisis Agglo,CA,59276,Guesnain
200044618,CA Douaisis Agglo,CA,59280,Hamel
200044618,CA Douaisis Agglo,CA,59327,Lallaing
200044618,CA Douaisis Agglo,CA,59329,Lambres-lez-Douai
200044618,CA Douaisis Agglo,CA,59334,Lauwin-Planque
200044618,CA Douaisis Agglo,CA,59336,Lécluse
200044618,CA Douaisis Agglo,CA,59379,Marcq-en-Ostrevent
200044618,CA Douaisis Agglo,CA,59486,Râches
200044618,CA Douaisis Agglo,CA,59489,Raimbeaucourt
200044618,CA Douaisis Agglo,CA,59509,Roost-Warendin
200044618,CA Douaisis Agglo,CA,59513,Roucourt
200044618,CA Douaisis Agglo,CA,59569,Sin-le-Noble
200044618,CA Douaisis Agglo,CA,59620,Villers-au-Tertre
200044618,CA Douaisis Agglo,CA,59654,Waziers
200068500,CA de Cambrai,CA,59001,Abancourt
200068500,CA de Cambrai,CA,59010,Anneux
200068500,CA de Cambrai,CA,59023,Aubencheul-au-Bac
200068500,CA de Cambrai,CA,59039,Awoingt
200068500,CA de Cambrai,CA,59047,Banteux
200068500,CA de Cambrai,CA,59048,Bantigny
200068500,CA de Cambrai,CA,59049,Bantouzelle
200068500,CA de Cambrai,CA,59085,Blécourt
200068500,CA de Cambrai,CA,59097,Boursies
200068500,CA de Cambrai,CA,59121,Cagnoncles
200068500,CA de Cambrai,CA,59122,Cambrai
200068500,CA de Cambrai,CA,59125,Cantaing-sur-Escaut
200068500,CA de Cambrai,CA,59141,Cauroir
200068500,CA de Cambrai,CA,59161,Crèvecœur-sur-l'Escaut
200068500,CA de Cambrai,CA,59167,Cuvillers
200068500,CA de Cambrai,CA,59176,Doignies
200068500,CA de Cambrai,CA,59206,Escaudœuvres
200068500,CA de Cambrai,CA,59209,Esnes
200068500,CA de Cambrai,CA,59219,Estrun
200068500,CA de Cambrai,CA,59216,Eswars
200068500,CA de Cambrai,CA,59236,Flesquières
200068500,CA de Cambrai,CA,59244,Fontaine-Notre-Dame
200068500,CA de Cambrai,CA,59255,Fressies
200068500,CA de Cambrai,CA,59267,Gonnelieu
200068500,CA de Cambrai,CA,59269,Gouzeaucourt
200068500,CA de Cambrai,CA,59294,Haynecourt
200068500,CA de Cambrai,CA,59300,Hem-Lenglet
200068500,CA de Cambrai,CA,59312,Honnecourt-sur-Escaut
200068500,CA de Cambrai,CA,59322,Iwuy
200068500,CA de Cambrai,CA,59517,Les Rues-des-Vignes
200068500,CA de Cambrai,CA,59341,Lesdain
200068500,CA de Cambrai,CA,59377,Marcoing
200068500,CA de Cambrai,CA,59389,Masnières
200068500,CA de Cambrai,CA,59405,Mœuvres
200068500,CA de Cambrai,CA,59422,Naves
200068500,CA de Cambrai,CA,59428,Neuville-Saint-Rémy
200068500,CA de Cambrai,CA,59432,Niergnies
200068500,CA de Cambrai,CA,59438,Noyelles-sur-Escaut
200068500,CA de Cambrai,CA,59455,Paillencourt
200068500,CA de Cambrai,CA,59476,Proville
200068500,CA de Cambrai,CA,59488,Raillencourt-Sainte-Olle
200068500,CA de Cambrai,CA,59492,Ramillies
200068500,CA de Cambrai,CA,59500,Ribécourt-la-Tour
200068500,CA de Cambrai,CA,59502,Rieux-en-Cambrésis
200068500,CA de Cambrai,CA,59520,Rumilly-en-Cambrésis
200068500,CA de Cambrai,CA,59521,Sailly-lez-Cambrai
200068500,CA de Cambrai,CA,59552,Sancourt
200068500,CA de Cambrai,CA,59567,Séranvillers-Forenville
200068500,CA de Cambrai,CA,59593,Thun-l'Évêque
200068500,CA de Cambrai,CA,59595,Thun-Saint-Martin
200068500,CA de Cambrai,CA,59597,Tilloy-lez-Cambrai
200068500,CA de Cambrai,CA,59622,Villers-en-Cauchies
200068500,CA de Cambrai,CA,59623,Villers-Guislain
200068500,CA de Cambrai,CA,59625,Villers-Plouich
200068500,CA de Cambrai,CA,59635,Wambaix
200093201,Métropole Européenne de Lille,METRO,59005,Allennes-les-Marais
200093201,Métropole Européenne de Lille,METRO,59011,Annœullin
200093201,Métropole Européenne de Lille,METRO,59013,Anstaing
200093201,Métropole Européenne de Lille,METRO,59017,Armentières
200093201,Métropole Européenne de Lille,METRO,59025,Aubers
200093201,Métropole Européenne de Lille,METRO,59044,Baisieux
200093201,Métropole Européenne de Lille,METRO,59052,Bauvin
200093201,Métropole Européenne de Lille,METRO,59056,Beaucamps-Ligny
200093201,Métropole Européenne de Lille,METRO,59088,Bois-Grenier
200093201,Métropole Européenne de Lille,METRO,59090,Bondues
200093201,Métropole Européenne de Lille,METRO,59098,Bousbecque
200093201,Métropole Européenne de Lille,METRO,59106,Bouvines
200093201,Métropole Européenne de Lille,METRO,59128,Capinghem
200093201,Métropole Européenne de Lille,METRO,59133,Carnin
200093201,Métropole Européenne de Lille,METRO,59146,Chéreng
200093201,Métropole Européenne de Lille,METRO,59152,Comines
200093201,Métropole Européenne de Lille,METRO,59163,Croix
200093201,Métropole Européenne de Lille,METRO,59173,Deûlémont
200093201,Métropole Européenne de Lille,METRO,59670,Don
200093201,Métropole Européenne de Lille,METRO,59193,Emmerin
200093201,Métropole Européenne de Lille,METRO,59195,Englos
200093201,Métropole Européenne de Lille,METRO,59196,Ennetières-en-Weppes
200093201,Métropole Européenne de Lille,METRO,59201,Erquinghem-le-Sec
200093201,Métropole Européenne de Lille,METRO,59202,Erquinghem-Lys
200093201,Métropole Européenne de Lille,METRO,59208,Escobecques
200093201,Métropole Européenne de Lille,METRO,59220,Faches-Thumesnil
200093201,Métropole Européenne de Lille,METRO,59247,Forest-sur-Marque
200093201,Métropole Européenne de Lille,METRO,59250,Fournes-en-Weppes
200093201,Métropole Européenne de Lille,METRO,59252,Frelinghien
200093201,Métropole Européenne de Lille,METRO,59256,Fretin
200093201,Métropole Européenne de Lille,METRO,59257,Fromelles
200093201,Métropole Européenne de Lille,METRO,59275,Gruson
200093201,Métropole Européenne de Lille,METRO,59278,Hallennes-lez-Haubourdin
200093201,Métropole Européenne de Lille,METRO,59279,Halluin
200093201,Métropole Européenne de Lille,METRO,59281,Hantay
200093201,Métropole Européenne de Lille,METRO,59286,Haubourdin
200093201,Métropole Européenne de Lille,METRO,59299,Hem
200093201,Métropole Européenne de Lille,METRO,59303,Herlies
200093201,Métropole Européenne de Lille,METRO,59316,Houplin-Ancoisne
200093201,Métropole Européenne de Lille,METRO,59317,Houplines
200093201,Métropole Européenne de Lille,METRO,59320,Illies
200093201,Métropole Européenne de Lille,METRO,59051,La Bassée
200093201,Métropole Européenne de Lille,METRO,59143,La Chapelle-d'Armentières
200093201,Métropole Européenne de Lille,METRO,59368,La Madeleine
200093201,Métropole Européenne de Lille,METRO,59328,Lambersart
200093201,Métropole Européenne de Lille,METRO,59332,Lannoy
200093201,Métropole Européenne de Lille,METRO,59371,Le Maisnil
200093201,Métropole Européenne de Lille,METRO,59339,Leers
200093201,Métropole Européenne de Lille,METRO,59343,Lesquin
200093201,Métropole Européenne de Lille,METRO,59346,Lezennes
200093201,Métropole Européenne de Lille,METRO,59350,Lille
200093201,Métropole Européenne de Lille,METRO,59352,Linselles
200093201,Métropole Européenne de Lille,METRO,59356,Lompret
200093201,Métropole Européenne de Lille,METRO,59360,Loos
200093201,Métropole Européenne de Lille,METRO,59367,Lys-lez-Lannoy
200093201,Métropole Européenne de Lille,METRO,59378,Marcq-en-Barœul
200093201,Métropole Européenne de Lille,METRO,59386,Marquette-lez-Lille
200093201,Métropole Européenne de Lille,METRO,59388,Marquillies
200093201,Métropole Européenne de Lille,METRO,59410,Mons-en-Barœul
200093201,Métropole Européenne de Lille,METRO,59421,Mouvaux
200093201,Métropole Européenne de Lille,METRO,59426,Neuville-en-Ferrain
200093201,Métropole Européenne de Lille,METRO,59437,Noyelles-lès-Seclin
200093201,Métropole Européenne de Lille,METRO,59457,Pérenchies
200093201,Métropole Européenne de Lille,METRO,59458,Péronne-en-Mélantois
200093201,Métropole Européenne de Lille,METRO,59470,Prémesques
200093201,Métropole Européenne de Lille,METRO,59477,Provin
200093201,Métropole Européenne de Lille,METRO,59482,Quesnoy-sur-Deûle
200093201,Métropole Européenne de Lille,METRO,59487,Radinghem-en-Weppes
200093201,Métropole Européenne de Lille,METRO,59507,Ronchin
200093201,Métropole Européenne de Lille,METRO,59508,Roncq
200093201,Métropole Européenne de Lille,METRO,59512,Roubaix
200093201,Métropole Européenne de Lille,METRO,59522,Sailly-lez-Lannoy
200093201,Métropole Européenne de Lille,METRO,59523,Sainghin-en-Mélantois
200093201,Métropole Européenne de Lille,METRO,59524,Sainghin-en-Weppes
200093201,Métropole Européenne de Lille,METRO,59527,Saint-André-lez-Lille
200093201,Métropole Européenne de Lille,METRO,59550,Salomé
200093201,Métropole Européenne de Lille,METRO,59553,Santes
200093201,Métropole Européenne de Lille,METRO,59560,Seclin
200093201,Métropole Européenne de Lille,METRO,59566,Sequedin
200093201,Métropole Européenne de Lille,METRO,59585,Templemars
200093201,Métropole Européenne de Lille,METRO,59598,Toufflers
200093201,Métropole Européenne de Lille,METRO,59599,Tourcoing
200093201,Métropole Européenne de Lille,METRO,59602,Tressin
200093201,Métropole Européenne de Lille,METRO,59609,Vendeville
200093201,Métropole Européenne de Lille,METRO,59611,Verlinghem
200093201,Métropole Européenne de Lille,METRO,59009,Villeneuve-d'Ascq
200093201,Métropole Européenne de Lille,METRO,59636,Wambrechies
200093201,Métropole Européenne de Lille,METRO,59643,Warneton
200093201,Métropole Européenne de Lille,METRO,59646,Wasquehal
200093201,Métropole Européenne de Lille,METRO,59648,Wattignies
200093201,Métropole Européenne de Lille,METRO,59650,Wattrelos
200093201,Métropole Européenne de Lille,METRO,59653,Wavrin
200093201,Métropole Européenne de Lille,METRO,59656,Wervicq-Sud
200093201,Métropole Européenne de Lille,METRO,59658,Wicres
200093201,Métropole Européenne de Lille,METRO,59660,Willems
245900428,CU de Dunkerque,CU,59016,Armbouts-Cappel
245900428,CU de Dunkerque,CU,59094,Bourbourg
245900428,CU de Dunkerque,CU,59107,Bray-Dunes
245900428,CU de Dunkerque,CU,59131,Cappelle-la-Grande
245900428,CU de Dunkerque,CU,59155,Coudekerque-Branche
245900428,CU de Dunkerque,CU,59159,Craywick
245900428,CU de Dunkerque,CU,59183,Dunkerque
245900428,CU de Dunkerque,CU,59260,Ghyvelde
245900428,CU de Dunkerque,CU,59271,Grande-Synthe
245900428,CU de Dunkerque,CU,59272,Grand-Fort-Philippe
245900428,CU de Dunkerque,CU,59273,Gravelines
245900428,CU de Dunkerque,CU,59340,Leffrinckoucke
245900428,CU de Dunkerque,CU,59359,Loon-Plage
245900428,CU de Dunkerque,CU,59532,Saint-Georges-sur-l'Aa
245900428,CU de Dunkerque,CU,59576,Spycker
245900428,CU de Dunkerque,CU,59588,Téteghem-Coudekerque-Village
245900428,CU de Dunkerque,CU,59668,Zuydcoote
245900758,CC Flandre Lys,CC,59212,Estaires
245900758,CC Flandre Lys,CC,62338,Fleurbaix
245900758,CC Flandre Lys,CC,59293,Haverskerque
245900758,CC Flandre Lys,CC,59268,La Gorgue
245900758,CC Flandre Lys,CC,62491,Laventie
245900758,CC Flandre Lys,CC,62502,Lestrem
245900758,CC Flandre Lys,CC,59400,Merville
245900758,CC Flandre Lys,CC,62736,Sailly-sur-la-Lys
245901038,CC du Pays Solesmois,CC,59060,Beaurain
245901038,CC du Pays Solesmois,CC,59069,Bermerain
245901038,CC du Pays Solesmois,CC,59127,Capelle
245901038,CC du Pays Solesmois,CC,59204,Escarmain
245901038,CC du Pays Solesmois,CC,59289,Haussy
245901038,CC du Pays Solesmois,CC,59415,Montrécourt
245901038,CC du Pays Solesmois,CC,59506,Romeries
245901038,CC du Pays Solesmois,CC,59537,Saint-Martin-sur-Écaillon
245901038,CC du Pays Solesmois,CC,59541,Saint-Python
245901038,CC du Pays Solesmois,CC,59558,Saulzoir
245901038,CC du Pays Solesmois,CC,59571,Solesmes
245901038,CC du Pays Solesmois,CC,59575,Sommaing
245901038,CC du Pays Solesmois,CC,59608,Vendegies-sur-Écaillon
245901038,CC du Pays Solesmois,CC,59612,Vertain
245901038,CC du Pays Solesmois,CC,59614,Viesly
245901152,CA Coeur d'Ostrevent,CA,59008,Aniche
245901152,CA Coeur d'Ostrevent,CA,59024,Auberchicourt
245901152,CA Coeur d'Ostrevent,CA,59113,Bruille-lez-Marchiennes
245901152,CA Coeur d'Ostrevent,CA,59185,Écaillon
245901152,CA Coeur d'Ostrevent,CA,59203,Erre
245901152,CA Coeur d'Ostrevent,CA,59227,Fenain
245901152,CA Coeur d'Ostrevent,CA,59314,Hornaing
245901152,CA Coeur d'Ostrevent,CA,59345,Lewarde
245901152,CA Coeur d'Ostrevent,CA,59354,Loffre
245901152,CA Coeur d'Ostrevent,CA,59375,Marchiennes
245901152,CA Coeur d'Ostrevent,CA,59390,Masny
245901152,CA Coeur d'Ostrevent,CA,59409,Monchecourt
245901152,CA Coeur d'Ostrevent,CA,59414,Montigny-en-Ostrevent
245901152,CA Coeur d'Ostrevent,CA,59456,Pecquencourt
245901152,CA Coeur d'Ostrevent,CA,59501,Rieulay
245901152,CA Coeur d'Ostrevent,CA,59574,Somain
245901152,CA Coeur d'Ostrevent,CA,59596,Tilloy-lez-Marchiennes
245901152,CA Coeur d'Ostrevent,CA,59629,Vred
245901152,CA Coeur d'Ostrevent,CA,59637,Wandignies-Hamage
245901152,CA Coeur d'Ostrevent,CA,59642,Warlaing
245901160,CA Valenciennes Métropole,CA,59014,Anzin
245901160,CA Valenciennes Métropole,CA,59019,Artres
245901160,CA Valenciennes Métropole,CA,59027,Aubry-du-Hainaut
245901160,CA Valenciennes Métropole,CA,59032,Aulnoy-lez-Valenciennes
245901160,CA Valenciennes Métropole,CA,59079,Beuvrages
245901160,CA Valenciennes Métropole,CA,59112,Bruay-sur-l'Escaut
245901160,CA Valenciennes Métropole,CA,59153,Condé-sur-l'Escaut
245901160,CA Valenciennes Métropole,CA,59160,Crespin
245901160,CA Valenciennes Métropole,CA,59166,Curgies
245901160,CA Valenciennes Métropole,CA,59215,Estreux
245901160,CA Valenciennes Métropole,CA,59221,Famars
245901160,CA Valenciennes Métropole,CA,59253,Fresnes-sur-Escaut
245901160,CA Valenciennes Métropole,CA,59301,Hergnies
245901160,CA Valenciennes Métropole,CA,59369,Maing
245901160,CA Valenciennes Métropole,CA,59383,Marly
245901160,CA Valenciennes Métropole,CA,59407,Monchaux-sur-Écaillon
245901160,CA Valenciennes Métropole,CA,59444,Odomez
245901160,CA Valenciennes Métropole,CA,59447,Onnaing
245901160,CA Valenciennes Métropole,CA,59459,Petite-Forêt
245901160,CA Valenciennes Métropole,CA,59471,Préseau
245901160,CA Valenciennes Métropole,CA,59475,Prouvy
245901160,CA Valenciennes Métropole,CA,59479,Quarouble
245901160,CA Valenciennes Métropole,CA,59480,Quérénaing
245901160,CA Valenciennes Métropole,CA,59484,Quiévrechain
245901160,CA Valenciennes Métropole,CA,59505,Rombies-et-Marchipont
245901160,CA Valenciennes Métropole,CA,59515,Rouvignies
245901160,CA Valenciennes Métropole,CA,59530,Saint-Aybert
245901160,CA Valenciennes Métropole,CA,59544,Saint-Saulve
245901160,CA Valenciennes Métropole,CA,59557,Saultain
245901160,CA Valenciennes Métropole,CA,59559,Sebourg
245901160,CA Valenciennes Métropole,CA,59591,Thivencelle
245901160,CA Valenciennes Métropole,CA,59606,Valenciennes
245901160,CA Valenciennes Métropole,CA,59610,Verchain-Maugré
245901160,CA Valenciennes Métropole,CA,59613,Vicq
245901160,CA Valenciennes Métropole,CA,59616,Vieux-Condé
